ngram,up_count,down_count,total_count,polar_score,polarity
"'목표/NNG',",3213.0,2225.0,5438.0,1.6550311511387232,Hawkish
"'국채선물/NNG',",2996.0,2103.0,5099.0,1.6327812277984992,Hawkish
"'전략/NNG',",2587.0,1367.0,3954.0,2.1689691573260155,Hawkish
"'함/XSV',",1812.0,1437.0,3249.0,1.4451964546257243,Hawkish
"'보험/NNG',",1596.0,1349.0,2945.0,1.3559585054713412,Hawkish
"'베팅/NNG',",914.0,462.0,1376.0,2.2674080392968863,Hawkish
"'위안/NNG',",912.0,664.0,1576.0,1.5741721372433484,Hawkish
"'정상화/NNG',",839.0,717.0,1556.0,1.34112194004518,Hawkish
"'매수전략/NNG',",759.0,229.0,988.0,3.798671640604595,Hawkish
"'제안/NNG',",751.0,485.0,1236.0,1.7746947331942657,Hawkish
"'재료/NNG',",708.0,594.0,1302.0,1.366067863987046,Hawkish
"'유통/NNG',",677.0,383.0,1060.0,2.0258876481198413,Hawkish
"'여전/NNG',",660.0,485.0,1145.0,1.5596518296152102,Hawkish
"'매도전략/NNG',",642.0,287.0,929.0,2.563767233723988,Hawkish
"'월중/NNG',",630.0,419.0,1049.0,1.7232646864950345,Hawkish
"'이자/NNG',",595.0,449.0,1044.0,1.5187842569700605,Hawkish
"'성공/NNG',",579.0,489.0,1068.0,1.3570478670513686,Hawkish
"'s&p/NNG',",544.0,421.0,965.0,1.4809563762079463,Hawkish
"'적절/NNG',",529.0,457.0,986.0,1.326676187704463,Hawkish
"'움직임/VV',",478.0,412.0,890.0,1.3297075746402716,Hawkish
"'하단/NNG',",464.0,378.0,842.0,1.4068624647258279,Hawkish
"'철강/NNG',",462.0,301.0,763.0,1.7591421780854914,Hawkish
"'합니다/XSV',",444.0,362.0,806.0,1.405723359020225,Hawkish
"'바라/VV',",441.0,387.0,828.0,1.3060298003643134,Hawkish
"'기초/NNG',",427.0,374.0,801.0,1.3085241276720023,Hawkish
"'영업이익/NNG',",420.0,225.0,645.0,2.1394011907603914,Hawkish
"'공모/NNG',",417.0,275.0,692.0,1.7379161645547998,Hawkish
"'우량등급/NNG',",394.0,308.0,702.0,1.4661248915909202,Hawkish
"'운송/NNG',",393.0,243.0,636.0,1.8535817208603158,Hawkish
"'하이일드/NNG',",385.0,282.0,667.0,1.5647216183630535,Hawkish
"'강/NNG',",385.0,284.0,669.0,1.5537024521011564,Hawkish
"'하/NNG',",376.0,327.0,703.0,1.317848705510124,Hawkish
"'호재/NNG',",362.0,247.0,609.0,1.6797207169548993,Hawkish
"'a등급/NNG',",353.0,257.0,610.0,1.5742258646006178,Hawkish
"'혼합형/NNG',",352.0,289.0,641.0,1.3959513485466744,Hawkish
"'패턴/NNG',",351.0,302.0,653.0,1.3320656690415718,Hawkish
"'손/NNG',",350.0,286.0,636.0,1.4025794550616815,Hawkish
"'고점/NNG',",341.0,285.0,626.0,1.3713079092325382,Hawkish
"'부품/NNG',",335.0,158.0,493.0,2.430038640380436,Hawkish
"'바닥/NNG',",328.0,279.0,607.0,1.3473955303290408,Hawkish
"'순이익/NNG',",326.0,256.0,582.0,1.459496629633133,Hawkish
"'ㅣ/NNG',",323.0,141.0,464.0,2.6254809303755553,Hawkish
"'카드채/NNG',",322.0,269.0,591.0,1.371920840909814,Hawkish
"'장중/NNG',",320.0,258.0,578.0,1.4215290331064214,Hawkish
"'영역/NNG',",320.0,281.0,601.0,1.3051761236771935,Hawkish
"'ebitda/NNG',",313.0,209.0,522.0,1.7164197867674371,Hawkish
"'개입/NNG',",295.0,243.0,538.0,1.3913654154375164,Hawkish
"'카드/NNG',",294.0,171.0,465.0,1.9705010926892728,Hawkish
"'악재/NNG',",282.0,236.0,518.0,1.3695016727894853,Hawkish
"'국채선물시장/NNG',",271.0,207.0,478.0,1.5004599460846173,Hawkish
"'콜/NNG',",264.0,225.0,489.0,1.3447664652602906,Hawkish
"'정유/NNG',",260.0,143.0,403.0,2.0838323190575943,Hawkish
"'레버리지/NNG',",246.0,209.0,455.0,1.3490072465269234,Hawkish
"'해운/NNG',",245.0,202.0,447.0,1.390081220989242,Hawkish
"'강등/NNG',",242.0,159.0,401.0,1.7443904549708087,Hawkish
"'자산배분/NNG',",241.0,171.0,412.0,1.6152747070710498,Hawkish
"'예산/NNG',",234.0,201.0,435.0,1.3342747319617838,Hawkish
"'담당/NNG',",234.0,194.0,428.0,1.3824186649729795,Hawkish
"'저축/NNG',",233.0,199.0,432.0,1.3419251925586637,Hawkish
"'pf/NNG',",228.0,161.0,389.0,1.6230594635043638,Hawkish
"'총괄/NNG',",226.0,126.0,352.0,2.0557171166453947,Hawkish
"'장초/NNG',",223.0,118.0,341.0,2.16594943167293,Hawkish
"'팀/NNG',",223.0,156.0,379.0,1.638346375829238,Hawkish
"['보/VV',",220.0,105.0,325.0,2.401368654404849,Hawkish
"'주춤/MAG',",216.0,180.0,396.0,1.3753293381015748,Hawkish
"'저축은행/NNG',",208.0,143.0,351.0,1.667065857884375,Hawkish
"'출처/NNG',",207.0,63.0,270.0,3.765782566265815,Hawkish
"'소비재/NNG',",199.0,109.0,308.0,2.0924352846725185,Hawkish
"'균/NNG',",198.0,83.0,281.0,2.7340883815203467,Hawkish
"'중장기물/NNG',",196.0,165.0,361.0,1.3614371221334718,Hawkish
"'선물환/NNG',",195.0,105.0,300.0,2.128485854185507,Hawkish
"'필/NNG',",193.0,108.0,301.0,2.048137031466988,Hawkish
"'손익/NNG',",192.0,69.0,261.0,3.1891693736660325,Hawkish
"'꾸준/NNG',",192.0,164.0,356.0,1.3417847198849033,Hawkish
"'이표/NNG',",191.0,68.0,259.0,3.2192143944422744,Hawkish
"'강보합/NNG',",189.0,158.0,347.0,1.3709770291737144,Hawkish
"'지주/NNG',",188.0,104.0,292.0,2.071810195219617,Hawkish
"'확정/NNG',",185.0,157.0,342.0,1.3505091689305453,Hawkish
"'양극화/NNG',",184.0,145.0,329.0,1.4543712510231608,Hawkish
"'곳/NNG',",182.0,134.0,316.0,1.5566538467706765,Hawkish
"'이동평균/NNG',",179.0,147.0,326.0,1.3956006302575388,Hawkish
"'월별/NNG',",178.0,121.0,299.0,1.686009783661572,Hawkish
"'이메일/NNG',",177.0,74.0,251.0,2.741365830928401,Hawkish
"'전하/VV',",176.0,125.0,301.0,1.6137197480508172,Hawkish
"'임진/NNG',",174.0,69.0,243.0,2.8901847436774863,Hawkish
"'선성/NNG',",174.0,67.0,241.0,2.976458908898508,Hawkish
"'직급/NNG',",174.0,69.0,243.0,2.8901847436774863,Hawkish
"'리츠/NNG',",173.0,142.0,315.0,1.3963144078329581,Hawkish
"'농협/NNG',",172.0,130.0,302.0,1.516388751508152,Hawkish
"'주리/NNG',",172.0,68.0,240.0,2.898978406154825,Hawkish
"'윤창/NNG',",171.0,63.0,234.0,3.1108638530370016,Hawkish
"'부과/NNG',",168.0,130.0,298.0,1.481123897386277,Hawkish
"'보험자산/NNG',",167.0,128.0,295.0,1.4953124907519941,Hawkish
"'자산부채/NNG',",167.0,58.0,225.0,3.299999834950801,Hawkish
"'스프/NNG',",167.0,138.0,305.0,1.3869565160168988,Hawkish
"'폐쇄/NNG',",167.0,130.0,297.0,1.4723076838591065,Hawkish
"'상업/NNG',",167.0,103.0,270.0,1.8582524015769648,Hawkish
"'전국/NNG',",165.0,144.0,309.0,1.3132484992377034,Hawkish
"'정권/NNG',",164.0,127.0,291.0,1.480013192907601,Hawkish
"'목표가격/NNG',",160.0,79.0,239.0,2.3212308935715056,Hawkish
"'경제동향/NNG',",160.0,127.0,287.0,1.4439153107978357,Hawkish
"'투자수익률/NNG',",158.0,124.0,282.0,1.4603631356914442,Hawkish
"'후순위채/NNG',",157.0,132.0,289.0,1.3631736470045126,Hawkish
"'자본비율/NNG',",157.0,118.0,275.0,1.524906108290171,Hawkish
"'정/NNG',",156.0,89.0,245.0,2.008907987074427,Hawkish
"'장기영역/NNG',",155.0,132.0,287.0,1.3458083779621626,Hawkish
"'주주/NNG',",152.0,69.0,221.0,2.5247590868882863,Hawkish
"'갈수록/MAG',",152.0,119.0,271.0,1.4639359837036567,Hawkish
"'됐으며/XSV',",151.0,90.0,241.0,1.9229141358426547,Hawkish
"'를/NNG',",150.0,112.0,262.0,1.5349657694685706,Hawkish
"'평/NNG',",150.0,120.0,270.0,1.4326347216954982,Hawkish
"'법안/NNG',",146.0,102.0,248.0,1.6405072013078439,Hawkish
"'보험료/NNG',",145.0,79.0,224.0,2.103615499594013,Hawkish
"'파산/NNG',",142.0,102.0,244.0,1.5955617994823224,Hawkish
"'흡수/NNG',",141.0,115.0,256.0,1.4052277964574162,Hawkish
"'올레/NNG',",138.0,83.0,221.0,1.9055767568070583,Hawkish
"'상장/NNG',",135.0,94.0,229.0,1.6460058373961985,Hawkish
"'분쟁/NNG',",134.0,96.0,230.0,1.5997754285552546,Hawkish
"'정당/NNG',",133.0,110.0,243.0,1.385748494028778,Hawkish
"'노호/NNG',",132.0,66.0,198.0,2.2922154811589013,Hawkish
"'운용자산/NNG',",132.0,55.0,187.0,2.750658526625908,Hawkish
"'수수료/NNG',",130.0,96.0,226.0,1.5520209393747082,Hawkish
"'유의미한/VAX',",130.0,97.0,227.0,1.5360207243130901,Hawkish
"'전업/NNG',",130.0,112.0,242.0,1.3303036715616774,Hawkish
"'생보사/NNG',",130.0,63.0,193.0,2.3649842168353326,Hawkish
"'연체/NNG',",130.0,90.0,220.0,1.655488996229764,Hawkish
"'권고/NNG',",129.0,95.0,224.0,1.556293709057154,Hawkish
"'아웃퍼폼/NNG',",127.0,96.0,223.0,1.5162050725325564,Hawkish
"'이율/NNG',",125.0,86.0,211.0,1.6658543091934714,Hawkish
"'칼/NNG',",124.0,35.0,159.0,4.060495626856509,Hawkish
"'투기등급/NNG',",122.0,101.0,223.0,1.384407412197927,Hawkish
"'이자율/NNG',",121.0,81.0,202.0,1.7120869026455658,Hawkish
"'순포지션/NNG',",119.0,8.0,127.0,17.048337641612132,Hawkish
"'탄핵/NNG',",119.0,89.0,208.0,1.5324362302242371,Hawkish
"'재정절벽/NNG',",119.0,88.0,207.0,1.5498502772370293,Hawkish
"'계정/NNG',",117.0,63.0,180.0,2.1284857987426586,Hawkish
"'예금채권/NNG',",116.0,78.0,194.0,1.7044679502034203,Hawkish
"'선/VV',",115.0,72.0,187.0,1.8305887715174263,Hawkish
"'파워/NNG',",114.0,92.0,206.0,1.4201770227686576,Hawkish
"'투자의견/NNG',",114.0,79.0,193.0,1.6538770227116584,Hawkish
"'드/NNG',",113.0,72.0,185.0,1.798752446012633,Hawkish
"'업계/NNG',",113.0,96.0,209.0,1.3490643611420257,Hawkish
"'pbr/NNG',",112.0,97.0,209.0,1.3233409382297103,Hawkish
"'불가능/NNG',",112.0,83.0,195.0,1.546555057863996,Hawkish
"'바이백/NNG',",111.0,46.0,157.0,2.7656076903602234,Hawkish
"'시퀘스터/NNG',",110.0,11.0,121.0,11.461070094527521,Hawkish
"'채권시장/NNG;약세/NNG',",107.0,71.0,178.0,1.7272328122448504,Hawkish
"'삭감/NNG',",107.0,88.0,195.0,1.3935628598310381,Hawkish
"'공백/NNG',",106.0,67.0,173.0,1.8132450939315758,Hawkish
"'종목별/NNG',",105.0,88.0,193.0,1.3675149570236595,Hawkish
"'윤여/NNG',",105.0,73.0,178.0,1.6485111581202547,Hawkish
"'주원/NNG',",103.0,25.0,128.0,4.721962954401547,Hawkish
"'질의/NNG',",102.0,59.0,161.0,1.9814065902336393,Hawkish
"'초장기물/NNG',",102.0,48.0,150.0,2.435478862836851,Hawkish
"'됐으나/XSV',",101.0,79.0,180.0,1.465277018409905,Hawkish
"'연방정부/NNG',",101.0,42.0,143.0,2.756116070684422,Hawkish
"'서프라이즈/NNG',",100.0,67.0,167.0,1.7106085830279025,Hawkish
"'할인/NNG',",100.0,85.0,185.0,1.3483620864687913,Hawkish
"'경고/NNG',",99.0,87.0,186.0,1.3041916069973518,Hawkish
"'인기/NNG',",99.0,67.0,166.0,1.693502497927226,Hawkish
"'왔/VV',",98.0,20.0,118.0,5.6159262497217,Hawkish
"'조건부/NNG',",98.0,83.0,181.0,1.3532356834927526,Hawkish
"'roe/NNG',",98.0,40.0,138.0,2.8079637707954204,Hawkish
"'인상기/NNG',",98.0,78.0,176.0,1.4399815539040277,Hawkish
"'손해율/NNG',",97.0,37.0,134.0,3.0046605735141463,Hawkish
"'북한리스크/NNG',",96.0,65.0,161.0,1.6927129832357828,Hawkish
"'별주/NNG',",96.0,0.0,96.0,10562530.48742515,Hawkish
"'의무/NNG',",95.0,81.0,176.0,1.344200474017672,Hawkish
"'나스/VV',",95.0,53.0,148.0,2.0543440261174855,Hawkish
"'한매/NNG',",95.0,18.0,113.0,6.048899785189904,Hawkish
"'불황/NNG',",95.0,65.0,160.0,1.6750805571519731,Hawkish
"'기사/NNG',",95.0,77.0,172.0,1.4140290644581328,Hawkish
"'홀딩스/NNG',",94.0,69.0,163.0,1.5613641911440816,Hawkish
"'왜곡/NNG',",93.0,67.0,160.0,1.59086598764712,Hawkish
"'eps/NNG',",93.0,40.0,133.0,2.664700313352672,Hawkish
"'스트레스테스트/NNG',",92.0,45.0,137.0,2.343153498446771,Hawkish
"'별다른/VA',",92.0,78.0,170.0,1.351819422533285,Hawkish
"'예정이율/NNG',",91.0,69.0,160.0,1.5115334217293233,Hawkish
"'은/NNG',",90.0,68.0,158.0,1.5169073272348506,Hawkish
"'결제/NNG',",90.0,64.0,154.0,1.6117140246153945,Hawkish
"'스왑레이트/NNG',",89.0,67.0,156.0,1.522441647790667,Hawkish
"'등급간/NNG',",89.0,59.0,148.0,1.7288743877416795,Hawkish
"'정지/NNG',",89.0,52.0,141.0,1.961607442897803,Hawkish
"'분양/NNG',",89.0,64.0,153.0,1.593806092003727,Hawkish
"'이자보상배율/NNG',",88.0,50.0,138.0,2.017149574360862,Hawkish
"'총/NNG',",88.0,65.0,153.0,1.5516535750663698,Hawkish
"'조기상환/NNG',",86.0,75.0,161.0,1.3142035788933946,Hawkish
"'팁/NNG',",85.0,50.0,135.0,1.9483831146773294,Hawkish
"'고채/NNG',",85.0,73.0,158.0,1.3345090477292278,Hawkish
"'杞/NNG',",85.0,3.0,88.0,32.4729352299904,Hawkish
"'모아/VV',",85.0,51.0,136.0,1.9101795305582765,Hawkish
"'가입/NNG',",84.0,57.0,141.0,1.6890008779282448,Hawkish
"'고정자산/NNG',",84.0,60.0,144.0,1.6045508451430537,Hawkish
"'평잔/NNG',",84.0,35.0,119.0,2.7506582973885094,Hawkish
"'자동/NNG',",84.0,46.0,130.0,2.092892317592557,Hawkish
"'지정/NNG',",83.0,69.0,152.0,1.378651370694093,Hawkish
"'을/NNG',",83.0,58.0,141.0,1.640119700071618,Hawkish
"'자본증권/NNG',",82.0,70.0,152.0,1.3425833861535807,Hawkish
"'리보금리/NNG',",81.0,30.0,111.0,3.0944904328641774,Hawkish
"'세전이익/NNG',",80.0,16.0,96.0,5.730535937501943,Hawkish
"'관측/NNG',",80.0,61.0,141.0,1.5030921347981496,Hawkish
"'단기성/NNG',",80.0,49.0,129.0,1.8711962680336744,Hawkish
"'차별/NNG',",80.0,66.0,146.0,1.3892215316564904,Hawkish
"'무너/VV',",80.0,35.0,115.0,2.619674569739051,Hawkish
"'행보/NNG',",79.0,53.0,132.0,1.7083492586915996,Hawkish
"'예치/NNG',",79.0,58.0,137.0,1.5610777920876158,Hawkish
"'이자수익/NNG',",79.0,56.0,135.0,1.616830562200437,Hawkish
"'비리/NNG',",79.0,23.0,102.0,3.936629896173912,Hawkish
"'전세/NNG',",79.0,69.0,148.0,1.312210345619497,Hawkish
"'bbb등급/NNG',",79.0,56.0,135.0,1.616830562200437,Hawkish
"'연정/NNG',",78.0,40.0,118.0,2.2349099489622946,Hawkish
"'비상장/NNG',",78.0,11.0,89.0,8.1269389772112,Hawkish
"'원론/NNG',",77.0,41.0,118.0,2.152446118851382,Hawkish
"'감산/NNG',",77.0,66.0,143.0,1.3371257282637545,Hawkish
"'저항/NNG',",77.0,55.0,132.0,1.6045508350571671,Hawkish
"'시킴/XSV',",76.0,60.0,136.0,1.4517364894916098,Hawkish
"'종류별/NNG',",76.0,43.0,119.0,2.02567870291661,Hawkish
"'비고/NNG',",76.0,67.0,143.0,1.3000625453755186,Hawkish
"'반기/NNG',",76.0,67.0,143.0,1.3000625453755186,Hawkish
"'함/VV',",75.0,65.0,140.0,1.3224320395827134,Hawkish
"'중국은행/NNG',",75.0,36.0,111.0,2.387724240183375,Hawkish
"'배당수익률/NNG',",75.0,25.0,100.0,3.4383224364075526,Hawkish
"'상한/NNG',",75.0,57.0,132.0,1.5080365103587903,Hawkish
"'일반은행/NNG',",75.0,50.0,125.0,1.7191615849580981,Hawkish
"'조류/NNG',",74.0,8.0,82.0,10.601482592306915,Hawkish
"'발동/NNG',",74.0,25.0,99.0,3.392478134291784,Hawkish
"'전전/NNG',",73.0,19.0,92.0,4.403464887232505,Hawkish
"'국책은행/NNG',",72.0,34.0,106.0,2.4270514233725873,Hawkish
"'시니어론/NNG',",72.0,49.0,121.0,1.6840766537350653,Hawkish
"'선회/NNG',",72.0,39.0,111.0,2.115891070314245,Hawkish
"'경과/NNG',",72.0,48.0,120.0,1.7191615771582007,Hawkish
"'파이낸셜/NNG',",72.0,51.0,123.0,1.6180344439654866,Hawkish
"'책임준비금/NNG',",71.0,20.0,91.0,4.0686810289210635,Hawkish
"'팽창/NNG',",71.0,44.0,115.0,1.8494010586140248,Hawkish
"'유동부채/NNG',",71.0,6.0,77.0,13.562248574338184,Hawkish
"'저항선/NNG',",70.0,34.0,104.0,2.3596333306371995,Hawkish
"'폴라리스/NNG',",70.0,46.0,116.0,1.7440769512015875,Hawkish
"'유력/NNG',",70.0,60.0,130.0,1.3371257240135144,Hawkish
"'쉬/MAG',",70.0,49.0,119.0,1.6372967506641076,Hawkish
"'거래세/NNG',",70.0,45.0,115.0,1.7828342082984028,Hawkish
"'낙관론/NNG',",70.0,55.0,125.0,1.4586825892651125,Hawkish
"'순발행금액/NNG',",69.0,59.0,128.0,1.3403633153919858,Hawkish
"'유동자산/NNG',",69.0,14.0,83.0,5.648670205572035,Hawkish
"'무시/NNG',",69.0,56.0,125.0,1.4121684820939804,Hawkish
"'만만/NNG',",69.0,51.0,120.0,1.550616348134192,Hawkish
"'에너지기업/NNG',",68.0,45.0,113.0,1.7318960923855564,Hawkish
"'상관/NNG',",68.0,50.0,118.0,1.558706516894359,Hawkish
"'연합/NNG',",68.0,55.0,123.0,1.4170059479798778,Hawkish
"'여론/NNG',",68.0,50.0,118.0,1.558706516894359,Hawkish
"'모스/NNG',",67.0,57.0,124.0,1.347179297111259,Hawkish
"'연이/VV',",67.0,46.0,113.0,1.6693308027520442,Hawkish
"'외표채/NNG',",67.0,32.0,99.0,2.3996627779598305,Hawkish
"'모델/NNG',",66.0,31.0,97.0,2.4401000139460973,Hawkish
"'예치금/NNG',",66.0,42.0,108.0,1.8010263740093828,Hawkish
"'표표/NNG',",66.0,6.0,72.0,12.60715909853114,Hawkish
"'건축/NNG',",66.0,49.0,115.0,1.5437369452002083,Hawkish
"'수출업체/NNG',",66.0,55.0,121.0,1.3753293068738608,Hawkish
"'용인/NNG',",65.0,45.0,110.0,1.6554889190508082,Hawkish
"'일치/NNG',",65.0,37.0,102.0,2.0134323644551837,Hawkish
"'제지/NNG',",65.0,52.0,117.0,1.432634683443771,Hawkish
"'잉여/NNG',",65.0,45.0,110.0,1.6554889190508082,Hawkish
"'신용등급/NNG;하향/NNG',",65.0,57.0,122.0,1.3069649942021446,Hawkish
"'도발/NNG',",64.0,19.0,83.0,3.8605718683792767,Hawkish
"'중후반/NNG',",64.0,51.0,115.0,1.4382528561411938,Hawkish
"'전약후강/NNG',",64.0,22.0,86.0,3.3341305800666947,Hawkish
"'하위등급/NNG',",64.0,37.0,101.0,1.9824564844030432,Hawkish
"'유동비율/NNG',",63.0,7.0,70.0,10.314951347954601,Hawkish
"'역대/NNG',",63.0,55.0,118.0,1.312814345570804,Hawkish
"'적수/NNG',",63.0,50.0,113.0,1.4440957556419998,Hawkish
"'고시/NNG',",63.0,46.0,109.0,1.5696692724625319,Hawkish
"'수출입은행/NNG',",62.0,39.0,101.0,1.8220173318604307,Hawkish
"'상하이/NNG',",61.0,53.0,114.0,1.3191051572222374,Hawkish
"'해제/NNG',",61.0,43.0,104.0,1.6258737264457055,Hawkish
"'지지율/NNG',",61.0,52.0,113.0,1.3444725595165175,Hawkish
"'순환적/VAX',",61.0,48.0,109.0,1.4565119167198972,Hawkish
"'한파/NNG',",60.0,48.0,108.0,1.4326346752675314,Hawkish
"'국고채/NNG;스프레드/NNG;축소/NNG',",60.0,37.0,97.0,1.858552965434394,Hawkish
"'장기성/NNG',",60.0,32.0,92.0,2.1489517551684476,Hawkish
"'홈/NNG',",59.0,25.0,84.0,2.704813629016607,Hawkish
"'총부채/NNG',",59.0,39.0,98.0,1.7338552124106255,Hawkish
"'역전폭/NNG',",59.0,50.0,109.0,1.3524071477756483,Hawkish
"'자산시장/NNG',",58.0,49.0,107.0,1.3566173373393264,Hawkish
"'보전/NNG',",58.0,43.0,101.0,1.5459127334544451,Hawkish
"'테스트/NNG',",58.0,41.0,99.0,1.621323090167107,Hawkish
"'국고채/NNG;통안채/NNG;스프레드/NNG;확대/NNG',",58.0,12.0,70.0,5.539515727836281,Hawkish
"'치마/NNG',",57.0,20.0,77.0,3.2664058088118435,Hawkish
"'제이차/NNG',",57.0,31.0,88.0,2.1073591222343286,Hawkish
"'준비금/NNG',",57.0,26.0,83.0,2.512620278791111,Hawkish
"'농업/NNG',",57.0,30.0,87.0,2.177604395209732,Hawkish
"'전강후약/NNG',",56.0,27.0,83.0,2.377111892472923,Hawkish
"'하반/NNG',",56.0,33.0,89.0,1.9449099076617866,Hawkish
"'면제/NNG',",56.0,39.0,95.0,1.6456930940859227,Hawkish
"'활기/NNG',",55.0,32.0,87.0,1.9698724585985343,Hawkish
"'사업비율/NNG',",55.0,16.0,71.0,3.939743049796063,Hawkish
"'미정/NNG',",55.0,30.0,85.0,2.1011972302455386,Hawkish
"'싸우/VV',",55.0,2.0,57.0,31.517697654401285,Hawkish
"'자생적/VAX',",55.0,47.0,102.0,1.3411899198115451,Hawkish
"'취급액/NNG',",55.0,31.0,86.0,2.033416704069903,Hawkish
"'유가/NNG;하락/NNG',",54.0,43.0,97.0,1.4392980775976998,Hawkish
"'심사/NNG',",54.0,43.0,97.0,1.4392980775976998,Hawkish
"'짊어지/VV',",54.0,1.0,55.0,61.88871594822391,Hawkish
"'굳이/MAG',",54.0,47.0,101.0,1.316804652536456,Hawkish
"'자본이득/NNG',",54.0,41.0,95.0,1.5095077203419258,Hawkish
"'외환규제/NNG',",54.0,27.0,81.0,2.292215044807744,Hawkish
"'예탁/NNG',",54.0,31.0,85.0,1.9964454953325281,Hawkish
"'수사/NNG',",53.0,28.0,81.0,2.169417855049737,Hawkish
"'투자대상/NNG',",53.0,43.0,96.0,1.412644413916909,Hawkish
"'공격/NNG',",53.0,22.0,75.0,2.7610768655422375,Hawkish
"'리스/NNG',",53.0,45.0,98.0,1.3498602332387484,Hawkish
"'자생력/NNG',",53.0,43.0,96.0,1.412644413916909,Hawkish
"'감사/NNG',",52.0,42.0,94.0,1.418990521128841,Hawkish
"'기대/VV',",52.0,41.0,93.0,1.4536000361963626,Hawkish
"'논쟁/NNG',",52.0,38.0,90.0,1.5683578973355592,Hawkish
"'토빈세/NNG',",52.0,20.0,72.0,2.9798789660687484,Hawkish
"'핑/NNG',",52.0,36.0,88.0,1.6554888611666065,Hawkish
"'통화정책/NNG;완화/NNG',",52.0,44.0,96.0,1.3544909686309319,Hawkish
"'나신/VV',",52.0,33.0,85.0,1.8059877887007574,Hawkish
"'피에스/NNG',",51.0,43.0,94.0,1.3593370869207253,Hawkish
"'어음/NNG',",51.0,40.0,91.0,1.4612873385619112,Hawkish
"'시추/NNG',",51.0,18.0,69.0,3.2473036974374074,Hawkish
"'어감/NNG',",51.0,36.0,87.0,1.6236525421379948,Hawkish
"'장단기스프레드/NNG;축소/NNG',",50.0,32.0,82.0,1.7907931674856257,Hawkish
"'결산/NNG',",50.0,43.0,93.0,1.332683423613191,Hawkish
"'언더/NNG',",50.0,32.0,82.0,1.7907931674856257,Hawkish
"'깨/VV',",50.0,25.0,75.0,2.2922149576051165,Hawkish
"'외환당국/NNG',",50.0,41.0,91.0,1.397692352607105,Hawkish
"'채국/NNG',",50.0,17.0,67.0,3.3709032950384556,Hawkish
"'대여/NNG',",50.0,17.0,67.0,3.3709032950384556,Hawkish
"'대학/NNG',",49.0,33.0,82.0,1.7017962018314463,Hawkish
"'모디/NNG',",49.0,5.0,54.0,11.231818932939413,Hawkish
"'미사일/NNG',",48.0,27.0,75.0,2.0375245098940105,Hawkish
"'근로시간/NNG',",48.0,21.0,69.0,2.6196739188887466,Hawkish
"'전입액/NNG',",48.0,12.0,60.0,4.584426362282081,Hawkish
"'실적발표/NNG',",48.0,40.0,88.0,1.3753292761976232,Hawkish
"'저평/NNG',",48.0,39.0,87.0,1.4105941182723538,Hawkish
"'복사/NNG',",48.0,28.0,76.0,1.9647558171789272,Hawkish
"'스트레스/NNG',",48.0,25.0,73.0,2.2005263683441765,Hawkish
"'만기액/NNG',",48.0,17.0,65.0,3.236067147027862,Hawkish
"'임대업/NNG',",47.0,41.0,88.0,1.3138308283492632,Hawkish
"'표결/NNG',",47.0,38.0,85.0,1.4175542809151391,Hawkish
"'국고채/NNG;통안채/NNG;스프레드/NNG;축소/NNG',",47.0,23.0,70.0,2.342045599279893,Hawkish
"'발행기업/NNG',",47.0,37.0,84.0,1.455866545423221,Hawkish
"'영위/NNG',",47.0,35.0,82.0,1.539058887890767,Hawkish
"'쉬/VV',",47.0,32.0,79.0,1.6833455958682766,Hawkish
"'좀비기업/NNG',",47.0,4.0,51.0,13.466706071976223,Hawkish
"'철회/NNG',",47.0,40.0,87.0,1.3466765890718726,Hawkish
"'중국발/NNG',",47.0,32.0,79.0,1.6833455958682766,Hawkish
"'이상거래/NNG',",47.0,34.0,81.0,1.5843253075932526,Hawkish
"'허리케인/NNG',",47.0,22.0,69.0,2.4485021360446826,Hawkish
"'바젤iii/NNG',",46.0,28.0,74.0,1.8828910045465121,Hawkish
"'지정학/NNG;위험/NNG',",46.0,36.0,82.0,1.4644709500376307,Hawkish
"'롤오버/NNG',",46.0,32.0,78.0,1.6475297392295543,Hawkish
"'경쟁입찰/NNG',",46.0,34.0,80.0,1.5506162655140094,Hawkish
"'믿/VV',",46.0,34.0,80.0,1.5506162655140094,Hawkish
"'발사/NNG',",46.0,15.0,61.0,3.5147279502662365,Hawkish
"'수주산업/NNG',",46.0,32.0,78.0,1.6475297392295543,Hawkish
"'엄격/NNG',",46.0,26.0,72.0,2.0277286861191377,Hawkish
"'임직원/NNG',",45.0,35.0,80.0,1.4735670344617304,Hawkish
"'포천/NNG',",45.0,31.0,76.0,1.6637046286747226,Hawkish
"'장막/NNG',",45.0,36.0,81.0,1.4326346322786863,Hawkish
"'안녕/NNG',",45.0,7.0,52.0,7.367818664445008,Hawkish
"'자본총계/NNG',",44.0,28.0,72.0,1.8010261935314655,Hawkish
"'흥행/NNG',",44.0,31.0,75.0,1.626733422794459,Hawkish
"'a+등급/NNG',",44.0,37.0,81.0,1.36293891454169,Hawkish
"'세분화/NNG',",44.0,15.0,59.0,3.3619136639292138,Hawkish
"'보험금/NNG',",44.0,12.0,56.0,4.202390661540842,Hawkish
"'거리/NNG',",44.0,37.0,81.0,1.36293891454169,Hawkish
"'대지진/NNG',",44.0,16.0,60.0,3.151794317928823,Hawkish
"'총자본비율/NNG',",44.0,32.0,76.0,1.5758980268698528,Hawkish
"'한하/VV',",44.0,29.0,73.0,1.7389218756630718,Hawkish
"'경기민감업종/NNG',",44.0,31.0,75.0,1.626733422794459,Hawkish
"'관전/NNG',",44.0,26.0,70.0,1.9395665838401674,Hawkish
"'후순위/NNG',",44.0,38.0,82.0,1.3270721133707368,Hawkish
"'할부/NNG',",43.0,13.0,56.0,3.790968269299031,Hawkish
"'매달/MAG',",43.0,22.0,65.0,2.240118995436237,Hawkish
"'확고/NNG',",43.0,32.0,75.0,1.5400821711733468,Hawkish
"'대내외/NNG;경기/NNG;불확실성/NNG',",43.0,30.0,73.0,1.6427542642387494,Hawkish
"'스/VV',",43.0,36.0,79.0,1.3689619974888756,Hawkish
"'모드/NNG',",43.0,31.0,74.0,1.5897622172647987,Hawkish
"'쌓/VV',",43.0,36.0,79.0,1.3689619974888756,Hawkish
"'코/NNG',",43.0,29.0,72.0,1.6994009326176502,Hawkish
"'적립금/NNG',",43.0,19.0,62.0,2.5938216515955403,Hawkish
"'불확실성/NNG;해소/NNG',",42.0,30.0,72.0,1.6045506859615084,Hawkish
"'고가/NNG',",42.0,31.0,73.0,1.5527910121001505,Hawkish
"'강경/NNG',",42.0,17.0,59.0,2.831558728184861,Hawkish
"'前/NNG',",41.0,16.0,57.0,2.9368992340176745,Hawkish
"'압류/NNG',",41.0,11.0,52.0,4.2718508228394185,Hawkish
"'공시이율/NNG',",41.0,9.0,50.0,5.221148628984418,Hawkish
"'본격화/NNG',",41.0,15.0,56.0,3.132692245796941,Hawkish
"'보조금/NNG',",41.0,21.0,62.0,2.237638169349898,Hawkish
"'선임/NNG',",41.0,17.0,58.0,2.7641406626210623,Hawkish
"'페이퍼/NNG',",41.0,23.0,64.0,2.043061093338313,Hawkish
"'여천/NNG',",41.0,33.0,74.0,1.4239519820310707,Hawkish
"'상관계수/NNG',",40.0,23.0,63.0,1.9932303448198117,Hawkish
"'행정/NNG',",40.0,30.0,70.0,1.5281435306530664,Hawkish
"'덕분/NNG',",40.0,21.0,61.0,2.183061637047715,Hawkish
"'우선/NNG',",40.0,34.0,74.0,1.3483620189435348,Hawkish
"'바뀐다/VV',",40.0,0.0,40.0,1833773.6011976048,Hawkish
"'소속/NNG',",40.0,29.0,69.0,1.5808381060967607,Hawkish
"'사업비/NNG',",40.0,12.0,52.0,3.8203549957845437,Hawkish
"'반증/NNG',",40.0,24.0,64.0,1.910179143276272,Hawkish
"'플레이션/NNG',",39.0,7.0,46.0,6.385441384893976,Hawkish
"'거래비중/NNG',",39.0,15.0,54.0,2.979877975607142,Hawkish
"'양/NNG',",39.0,33.0,72.0,1.3544909302607275,Hawkish
"'외/NNG',",39.0,26.0,65.0,1.7191613375617638,Hawkish
"'월래/NNG',",39.0,30.0,69.0,1.4899399536579816,Hawkish
"'다소간/MAG',",39.0,27.0,66.0,1.6554887361081914,Hawkish
"'해외부문/NNG',",39.0,22.0,61.0,2.0317358670146004,Hawkish
"'윤현/NNG',",39.0,22.0,61.0,2.0317358670146004,Hawkish
"'토의/NNG',",39.0,32.0,71.0,1.396818751927312,Hawkish
"'톤/NNG',",38.0,31.0,69.0,1.4049061954090845,Hawkish
"'표준편차/NNG',",38.0,24.0,62.0,1.81467020937993,Hawkish
"'강제/NNG',",38.0,29.0,67.0,1.501796224124157,Hawkish
"'rbc비율/NNG',",38.0,29.0,67.0,1.501796224124157,Hawkish
"'투자등급채/NNG',",38.0,6.0,44.0,7.258659481125628,Hawkish
"'가근/NNG',",38.0,17.0,55.0,2.5618864745266183,Hawkish
"'추격/NNG',",38.0,29.0,67.0,1.501796224124157,Hawkish
"'dps/NNG',",38.0,1.0,39.0,43.5510085032366,Hawkish
"'채미/NNG',",38.0,16.0,54.0,2.7220041640698085,Hawkish
"'숏커버/NNG',",38.0,16.0,54.0,2.7220041640698085,Hawkish
"'신성장동력/NNG',",38.0,13.0,51.0,3.350157891670343,Hawkish
"'납입/NNG',",38.0,27.0,65.0,1.613040319437251,Hawkish
"'경기/NNG;불확실성/NNG',",38.0,20.0,58.0,2.1776039011983714,Hawkish
"'서/NNG',",38.0,25.0,63.0,1.742083453938079,Hawkish
"'색/NNG',",37.0,10.0,47.0,4.240592218385776,Hawkish
"'미/NNG;금리/NNG;상승/NNG',",37.0,30.0,67.0,1.4135328010844646,Hawkish
"'수요견인/NNG',",37.0,25.0,62.0,1.696239166034612,Hawkish
"'감세정책/NNG',",37.0,17.0,54.0,2.4944684149594583,Hawkish
"'질서/NNG',",37.0,32.0,69.0,1.3251870446437657,Hawkish
"'과매도/NNG',",37.0,14.0,51.0,3.0289965074689547,Hawkish
"'기준선/NNG',",37.0,27.0,64.0,1.5705919033847313,Hawkish
"'지지선/NNG',",37.0,31.0,68.0,1.3679349923157185,Hawkish
"'신계약/NNG',",37.0,14.0,51.0,3.0289965074689547,Hawkish
"'대상기업/NNG',",37.0,31.0,68.0,1.3679349923157185,Hawkish
"'현물환/NNG',",37.0,17.0,54.0,2.4944684149594583,Hawkish
"'외부/NNG;압력/NNG',",37.0,29.0,66.0,1.4622752839150153,Hawkish
"'토목/NNG',",37.0,31.0,68.0,1.3679349923157185,Hawkish
"'단독/NNG',",37.0,25.0,62.0,1.696239166034612,Hawkish
"'개별소비세/NNG',",37.0,32.0,69.0,1.3251870446437657,Hawkish
"'위금/NNG',",37.0,16.0,53.0,2.6503724775999626,Hawkish
"'총채/NNG',",37.0,30.0,67.0,1.4135328010844646,Hawkish
"'승/NNG',",37.0,27.0,64.0,1.5705919033847313,Hawkish
"'중중/NNG',",37.0,28.0,65.0,1.5144993698710445,Hawkish
"'등급업체/NNG',",36.0,31.0,67.0,1.3309637896927775,Hawkish
"'입지/NNG',",36.0,31.0,67.0,1.3309637896927775,Hawkish
"'인플레이션/NNG;우려/NNG',",36.0,21.0,57.0,1.9647555179657152,Hawkish
"'통화유통속도/NNG',",36.0,5.0,41.0,8.251941385301258,Hawkish
"'경상거래/NNG',",36.0,28.0,64.0,1.4735669686775432,Hawkish
"'광범위/NNG',",36.0,30.0,66.0,1.3753292255489606,Hawkish
"'중간재/NNG',",36.0,31.0,67.0,1.3309637896927775,Hawkish
"'潮流/NNG',",36.0,0.0,36.0,1485356.8347305388,Hawkish
"'주액/NNG',",36.0,30.0,66.0,1.3753292255489606,Hawkish
"'메시지/NNG',",36.0,27.0,63.0,1.5281434879800808,Hawkish
"'비수기/NNG',",36.0,28.0,64.0,1.4735669686775432,Hawkish
"'분위/NNG',",36.0,27.0,63.0,1.5281434879800808,Hawkish
"'등록금/NNG',",35.0,24.0,59.0,1.671406814654851,Hawkish
"'고용/NNG;개선/NNG',",35.0,30.0,65.0,1.3371256505451141,Hawkish
"'우대/NNG',",35.0,22.0,57.0,1.8233527533454152,Hawkish
"'거래금액/NNG',",35.0,21.0,56.0,1.9101789909981493,Hawkish
"'체크카드/NNG',",35.0,17.0,52.0,2.359632301063523,Hawkish
"'전역/NNG',",35.0,15.0,50.0,2.6742494594837547,Hawkish
"'단과/NNG',",35.0,27.0,62.0,1.4856950732546477,Hawkish
"'수위/NNG',",35.0,23.0,58.0,1.7440766150122782,Hawkish
"'으로/MAG',",35.0,22.0,57.0,1.8233527533454152,Hawkish
"'비대칭/NNG',",35.0,28.0,63.0,1.432634568108773,Hawkish
"'세계화/NNG',",35.0,9.0,44.0,4.4570774673087605,Hawkish
"'가맹점/NNG',",35.0,10.0,45.0,4.011370878257662,Hawkish
"'우발채무/NNG',",35.0,24.0,59.0,1.671406814654851,Hawkish
"'만드/VV',",35.0,28.0,63.0,1.432634568108773,Hawkish
"'순매수비중/NNG',",35.0,17.0,52.0,2.359632301063523,Hawkish
"'미/NNG;금리/NNG;하락/NNG',",35.0,14.0,49.0,2.8652669550149135,Hawkish
"'구차/NNG',",35.0,4.0,39.0,10.028386176090457,Hawkish
"'휘발유/NNG',",34.0,28.0,62.0,1.3917021681949624,Hawkish
"'상위등급/NNG',",34.0,29.0,63.0,1.3437124666922908,Hawkish
"'전단채/NNG',",34.0,15.0,49.0,2.5978423362281955,Hawkish
"'신용등급/NNG;하락/NNG',",34.0,26.0,60.0,1.4987561074302551,Hawkish
"'원화자산/NNG',",34.0,18.0,52.0,2.1648691710607535,Hawkish
"'아웃풋갭/NNG',",34.0,17.0,51.0,2.292214246940173,Hawkish
"'갤러리/NNG',",34.0,13.0,47.0,2.9975096368561474,Hawkish
"'섭/NNG',",34.0,24.0,58.0,1.6236523515471528,Hawkish
"'돌아오/VV',",34.0,24.0,58.0,1.6236523515471528,Hawkish
"'시가평가/NNG',",34.0,26.0,60.0,1.4987561074302551,Hawkish
"'탄탄/NNG',",34.0,29.0,63.0,1.3437124666922908,Hawkish
"'정규/NNG',",34.0,28.0,62.0,1.3917021681949624,Hawkish
"'농촌/NNG',",34.0,9.0,43.0,4.3297322925421575,Hawkish
"'노후/NNG',",34.0,23.0,57.0,1.694245871921783,Hawkish
"'부채총계/NNG',",34.0,25.0,59.0,1.5587063070985354,Hawkish
"'숙박/NNG',",34.0,22.0,56.0,1.771256977603647,Hawkish
"'적자전환/NNG',",34.0,8.0,42.0,4.870946998001342,Hawkish
"'다분히/MAG',",34.0,22.0,56.0,1.771256977603647,Hawkish
"'자재/NNG',",33.0,21.0,54.0,1.8010259408625493,Hawkish
"'플/NNG',",33.0,29.0,62.0,1.3041915288444736,Hawkish
"'관세/NNG',",33.0,17.0,50.0,2.2247961948505495,Hawkish
"'관광객/NNG',",33.0,25.0,58.0,1.5128620225151446,Hawkish
"'오일쇼크/NNG',",33.0,23.0,56.0,1.644415129907917,Hawkish
"'하락국면/NNG',",33.0,27.0,60.0,1.4007982459772785,Hawkish
"'기우/NNG',",33.0,4.0,37.0,9.45533307814274,Hawkish
"'평정/NNG',",33.0,24.0,57.0,1.575897889418761,Hawkish
"'全/NNG',",33.0,3.0,36.0,12.607079508633957,Hawkish
"'부동산임대업/NNG',",33.0,26.0,59.0,1.4546750637028332,Hawkish
"'찍/VV',",33.0,24.0,57.0,1.575897889418761,Hawkish
"'쿠폰금리/NNG',",33.0,24.0,57.0,1.575897889418761,Hawkish
"'사회보장/NNG',",33.0,18.0,51.0,2.1011965643886983,Hawkish
"'일민/NNG',",32.0,28.0,60.0,1.3098373704632136,Hawkish
"'보완자본/NNG',",32.0,15.0,47.0,2.4450280976796,Hawkish
"'연고점/NNG',",32.0,15.0,47.0,2.4450280976796,Hawkish
"'환원/NNG',",32.0,9.0,41.0,4.075041962708602,Hawkish
"'심벌/NNG',",32.0,0.0,32.0,1173615.5173652696,Hawkish
"'높임/NNG',",32.0,20.0,52.0,1.8337717938744271,Hawkish
"'지급보증/NNG',",32.0,28.0,60.0,1.3098373704632136,Hawkish
"'상하이종합지수/NNG',",32.0,18.0,50.0,2.0375239596373835,Hawkish
"'집세/NNG',",32.0,26.0,58.0,1.4105940208341878,Hawkish
"'채소/NNG',",32.0,26.0,58.0,1.4105940208341878,Hawkish
"'신용등급/NNG;상향/NNG',",32.0,22.0,54.0,1.6670654297469365,Hawkish
"'역축/NNG',",32.0,27.0,59.0,1.35834983349902,Hawkish
"'시장지위/NNG',",32.0,21.0,53.0,1.7464494178378944,Hawkish
"'관세청/NNG',",32.0,15.0,47.0,2.4450280976796,Hawkish
"'금리재정거래/NNG',",32.0,15.0,47.0,2.4450280976796,Hawkish
"'금리/NNG;스프레드/NNG;부담/NNG',",32.0,2.0,34.0,18.337471736722435,Hawkish
"'사채발행/NNG',",32.0,18.0,50.0,2.0375239596373835,Hawkish
"'벌금/NNG',",32.0,4.0,36.0,9.168806562263146,Hawkish
"'만기상환/NNG',",32.0,24.0,56.0,1.5281434283221391,Hawkish
"'방문/NNG',",32.0,23.0,55.0,1.5945843890294056,Hawkish
"'환율보고서/NNG',",31.0,17.0,48.0,2.089960097280907,Hawkish
"'그래/VV',",31.0,0.0,31.0,1101410.7269461078,Hawkish
"'간격/NNG',",31.0,24.0,55.0,1.4803889683135651,Hawkish
"'역설/NNG',",31.0,27.0,58.0,1.315901421847732,Hawkish
"'무림/NNG',",31.0,22.0,53.0,1.6149696577688561,Hawkish
"'숏/NNG',",31.0,17.0,48.0,2.089960097280907,Hawkish
"'정책금융/NNG',",31.0,27.0,58.0,1.315901421847732,Hawkish
"'a-등급/NNG',",31.0,13.0,44.0,2.7330234808538036,Hawkish
"'누리/NNG',",31.0,0.0,31.0,1101410.7269461078,Hawkish
"'현금창출력/NNG',",31.0,27.0,58.0,1.315901421847732,Hawkish
"'회동/NNG',",31.0,15.0,46.0,2.3686209827327596,Hawkish
"'개인연금/NNG',",31.0,0.0,31.0,1101410.7269461078,Hawkish
"'컨퍼런스/NNG',",31.0,18.0,49.0,1.9738513569244056,Hawkish
"'경쟁심/NNG',",31.0,17.0,48.0,2.089960097280907,Hawkish
"'黨/NNG',",31.0,0.0,31.0,1101410.7269461078,Hawkish
"'자산/NNG;가격/NNG;상승/NNG',",31.0,20.0,51.0,1.7764664478695738,Hawkish
"'낙찰금액/NNG',",30.0,26.0,56.0,1.3224319378572513,Hawkish
"'재정위기/NNG;우려/NNG',",30.0,15.0,45.0,2.2922138709273323,Hawkish
"'설수/NNG',",30.0,26.0,56.0,1.3224319378572513,Hawkish
"'부가/NNG',",30.0,16.0,46.0,2.148950733250029,Hawkish
"'경호/NNG',",30.0,0.0,30.0,1031498.1520958084,Hawkish
"'국방/NNG',",30.0,19.0,49.0,1.8096431574418899,Hawkish
"'운수/NNG',",30.0,24.0,54.0,1.432634509453486,Hawkish
"'자문/NNG',",30.0,21.0,51.0,1.637296376275489,Hawkish
"'환입/NNG',",30.0,6.0,36.0,5.730517698035719,Hawkish
"'전망/NNG;상향/NNG',",30.0,25.0,55.0,1.3753291746108995,Hawkish
"'정부안/NNG',",30.0,3.0,33.0,11.460973653747043,Hawkish
"'전가/NNG',",30.0,19.0,49.0,1.8096431574418899,Hawkish
"'장기물/NNG;순매수/NNG;강화/NNG',",29.0,15.0,44.0,2.2158067624775057,Hawkish
"'필자/NNG',",29.0,21.0,50.0,1.5827198579172155,Hawkish
"'공포/NNG',",29.0,24.0,53.0,1.3848800518069115,Hawkish
"'엠/NNG',",29.0,22.0,51.0,1.5107781180956497,Hawkish
"'거주/NNG',",29.0,20.0,49.0,1.661855761151704,Hawkish
"'증자/NNG',",29.0,19.0,48.0,1.7493217463971291,Hawkish
"'석자/NNG',",29.0,16.0,45.0,2.077319065932435,Hawkish
"'단기/NNG;금리/NNG;상승/NNG',",29.0,19.0,48.0,1.7493217463971291,Hawkish
"'승상/NNG',",29.0,17.0,46.0,1.9551240094819855,Hawkish
"'컴퓨터/NNG',",29.0,19.0,48.0,1.7493217463971291,Hawkish
"'맞이/NNG',",29.0,22.0,51.0,1.5107781180956497,Hawkish
"'비싸/VA',",29.0,15.0,44.0,2.2158067624775057,Hawkish
"'환율정책/NNG',",29.0,25.0,54.0,1.3294848941052237,Hawkish
"'띠/VV',",29.0,24.0,53.0,1.3848800518069115,Hawkish
"'재고율/NNG',",29.0,23.0,52.0,1.4450921738610085,Hawkish
"'금융부채/NNG',",28.0,21.0,49.0,1.5281433413060874,Hawkish
"'벌거벗/VV',",28.0,0.0,28.0,898549.6491017963,Hawkish
"'인플레이션/NNG;압력/NNG',",28.0,24.0,52.0,1.3371255954438506,Hawkish
'금리/NNG;인상/NNG'],28.0,8.0,36.0,4.0113672966912315,Hawkish
"'최상위/NNG',",28.0,17.0,45.0,1.887705969653658,Hawkish
"'주식발행/NNG',",28.0,17.0,45.0,1.887705969653658,Hawkish
"'발달/NNG',",28.0,24.0,52.0,1.3371255954438506,Hawkish
"'중요도/NNG',",28.0,22.0,50.0,1.4586823505718423,Hawkish
"'신용위험평가/NNG',",28.0,13.0,41.0,2.468537362283993,Hawkish
"'환전/NNG',",28.0,11.0,39.0,2.917361140665376,Hawkish
"'빼/VV',",28.0,24.0,52.0,1.3371255954438506,Hawkish
"'종사자/NNG',",28.0,6.0,34.0,5.34848239413644,Hawkish
"'연료/NNG',",28.0,23.0,51.0,1.395261438204613,Hawkish
"'가수급/NNG',",28.0,15.0,43.0,2.13939965761739,Hawkish
"'국주/NNG',",28.0,11.0,39.0,2.917361140665376,Hawkish
"'수익증권/NNG',",28.0,12.0,40.0,2.6742483133798856,Hawkish
"'뉴/NNG',",28.0,21.0,49.0,1.5281433413060874,Hawkish
"'입법/NNG',",28.0,24.0,52.0,1.3371255954438506,Hawkish
"'주거비/NNG',",28.0,23.0,51.0,1.395261438204613,Hawkish
"'미분양/NNG',",28.0,24.0,52.0,1.3371255954438506,Hawkish
"'순매수세/NNG',",28.0,23.0,51.0,1.395261438204613,Hawkish
"'피/NNG',",28.0,24.0,52.0,1.3371255954438506,Hawkish
"'예수금/NNG',",27.0,17.0,44.0,1.820287932786154,Hawkish
"'글로벌/NNG;경기/NNG;둔화/NNG',",27.0,18.0,45.0,1.7191609691736391,Hawkish
"'대화/NNG',",27.0,20.0,47.0,1.54724508224023,Hawkish
"'소문/NNG',",27.0,11.0,38.0,2.813169664508295,Hawkish
"'보험회사/NNG',",27.0,7.0,34.0,4.420687695495267,Hawkish
"'보입니다/VV',",27.0,14.0,41.0,2.2103488730386425,Hawkish
"'엔지니어링/NNG',",27.0,20.0,47.0,1.54724508224023,Hawkish
"'회사채신속인수제/NNG',",27.0,7.0,34.0,4.420687695495267,Hawkish
"'재무비율/NNG',",27.0,16.0,43.0,1.9340557409543524,Hawkish
"'강점/NNG',",27.0,16.0,43.0,1.9340557409543524,Hawkish
"'말잔/NNG',",27.0,10.0,37.0,3.0944857520776727,Hawkish
"'잉여금/NNG',",27.0,19.0,46.0,1.6286789309980854,Hawkish
"'통화/NNG;강세/NNG',",27.0,20.0,47.0,1.54724508224023,Hawkish
"'수요/NNG;확대/NNG',",27.0,23.0,50.0,1.3454307040514053,Hawkish
"'본토/NNG',",27.0,6.0,33.0,5.157464770561402,Hawkish
"'경기/NNG;낙관/NNG',",27.0,21.0,48.0,1.473566826551302,Hawkish
"'지준율/NNG;인상/NNG',",26.0,19.0,45.0,1.5683575269411565,Hawkish
"'통화/NNG;약세/NNG',",26.0,15.0,41.0,1.986585459716939,Hawkish
"'방증/NNG',",26.0,21.0,47.0,1.4189903137713487,Hawkish
"'연금저축/NNG',",26.0,1.0,27.0,29.79774122360072,Hawkish
"'내세우/VV',",26.0,19.0,45.0,1.5683575269411565,Hawkish
"'말씀/NNG',",26.0,22.0,48.0,1.3544908206316513,Hawkish
"'수익구조/NNG',",26.0,19.0,45.0,1.5683575269411565,Hawkish
"'세뱃돈/NNG',",26.0,0.0,26.0,774770.0083832336,Hawkish
"'거래소/NNG',",26.0,15.0,41.0,1.986585459716939,Hawkish
"'원달러/NNG;하락/NNG',",26.0,18.0,44.0,1.6554883787987715,Hawkish
"'합산비율/NNG',",26.0,3.0,29.0,9.93283313489342,Hawkish
"'세제개편안/NNG',",26.0,21.0,47.0,1.4189903137713487,Hawkish
"'트렌치/NNG',",26.0,18.0,44.0,1.6554883787987715,Hawkish
"'명목채/NNG',",26.0,12.0,38.0,2.4832306006472544,Hawkish
"'인상/NNG;효과/NNG',",26.0,20.0,46.0,1.4899397460300863,Hawkish
"'리플레이션/NNG',",26.0,13.0,39.0,2.2922133082991123,Hawkish
"'경기/NNG;상승/NNG',",26.0,18.0,44.0,1.6554883787987715,Hawkish
"'외거/NNG',",26.0,19.0,45.0,1.5683575269411565,Hawkish
"'적금/NNG',",26.0,18.0,44.0,1.6554883787987715,Hawkish
"'접/VV',",26.0,20.0,46.0,1.4899397460300863,Hawkish
"'부동산펀드/NNG',",26.0,6.0,32.0,4.966447168267306,Hawkish
"'언젠가/MAG',",26.0,17.0,43.0,1.752869899086043,Hawkish
"'농민/NNG',",26.0,12.0,38.0,2.4832306006472544,Hawkish
"'국지/NNG',",26.0,18.0,44.0,1.6554883787987715,Hawkish
"'예금자/NNG',",25.0,15.0,40.0,1.9101783672675914,Hawkish
"'공모채/NNG',",25.0,19.0,44.0,1.5080361255333856,Hawkish
"'금융거래세/NNG',",25.0,5.0,30.0,5.730508359485189,Hawkish
"'강달러/NNG',",25.0,15.0,40.0,1.9101783672675914,Hawkish
"'몫/NNG',",25.0,18.0,43.0,1.5918157914153306,Hawkish
"'부국/NNG',",25.0,4.0,29.0,7.163121781884287,Hawkish
"'브로드밴드/NNG',",25.0,22.0,47.0,1.3023950584326043,Hawkish
"'로이터상품가격지수/NNG',",25.0,22.0,47.0,1.3023950584326043,Hawkish
"'원원/NNG',",25.0,19.0,44.0,1.5080361255333856,Hawkish
"'다행히/MAG',",25.0,22.0,47.0,1.3023950584326043,Hawkish
"'간월/NNG',",25.0,18.0,43.0,1.5918157914153306,Hawkish
"'청약/NNG',",25.0,17.0,42.0,1.6854518687795663,Hawkish
"'소프트패치/NNG',",25.0,9.0,34.0,3.18362607597443,Hawkish
"'명기/NNG',",25.0,21.0,46.0,1.3644138030950206,Hawkish
"'버티/VV',",25.0,21.0,46.0,1.3644138030950206,Hawkish
"'평균값/NNG',",25.0,12.0,37.0,2.387721754470343,Hawkish
"'편승/NNG',",25.0,11.0,36.0,2.604786735628972,Hawkish
"'종사자수/NNG',",25.0,2.0,27.0,14.326103231399463,Hawkish
"'철폐/NNG',",25.0,12.0,37.0,2.387721754470343,Hawkish
"'국유/NNG',",25.0,5.0,30.0,5.730508359485189,Hawkish
"'점수/NNG',",25.0,8.0,33.0,3.581577601082848,Hawkish
"'유로5/NNG',",25.0,20.0,45.0,1.4326344121760026,Hawkish
"'내수/NNG;회복/NNG',",25.0,20.0,45.0,1.4326344121760026,Hawkish
"'계절요인/NNG',",25.0,17.0,42.0,1.6854518687795663,Hawkish
"'채용/NNG',",25.0,20.0,45.0,1.4326344121760026,Hawkish
"'영업손실/NNG',",25.0,16.0,41.0,1.7907924304226681,Hawkish
"'총합계/NNG',",25.0,19.0,44.0,1.5080361255333856,Hawkish
"'성급/NNG',",25.0,18.0,43.0,1.5918157914153306,Hawkish
"'옳/VA',",25.0,19.0,44.0,1.5080361255333856,Hawkish
"'외국인지분율/NNG',",25.0,4.0,29.0,7.163121781884287,Hawkish
'금리/NNG;상승/NNG'],25.0,18.0,43.0,1.5918157914153306,Hawkish
"'장기물/NNG;강세/NNG',",25.0,17.0,42.0,1.6854518687795663,Hawkish
"'센/NNG',",24.0,3.0,27.0,9.16876323032014,Hawkish
"'염려/NNG',",24.0,17.0,41.0,1.6180338421150386,Hawkish
"'비동조화/NNG',",24.0,17.0,41.0,1.6180338421150386,Hawkish
"'예기/NNG',",24.0,21.0,45.0,1.3098372946625594,Hawkish
"'상하/NNG',",24.0,15.0,39.0,1.8337712795966663,Hawkish
"'출연/NNG',",24.0,20.0,44.0,1.3753290808386192,Hawkish
"'노동자/NNG',",24.0,18.0,42.0,1.5281432072369896,Hawkish
"'강수량/NNG',",24.0,2.0,26.0,13.753050971958507,Hawkish
"'급등락/NNG',",24.0,20.0,44.0,1.3753290808386192,Hawkish
"'지급능력/NNG',",24.0,10.0,34.0,2.7506539633812634,Hawkish
"'통화정책/NNG;불확실성/NNG;해소/NNG',",24.0,3.0,27.0,9.16876323032014,Hawkish
"'분사/NNG',",24.0,14.0,38.0,1.9647546630720283,Hawkish
"'입증/NNG',",24.0,11.0,35.0,2.50059528424586,Hawkish
"'걷/VV',",24.0,15.0,39.0,1.8337712795966663,Hawkish
"'재정증권/NNG',",24.0,17.0,41.0,1.6180338421150386,Hawkish
"'간소/NNG',",24.0,8.0,32.0,3.438314399361324,Hawkish
"'재확인/NNG',",24.0,11.0,35.0,2.50059528424586,Hawkish
"'우려/NNG;크/VV',",24.0,17.0,41.0,1.6180338421150386,Hawkish
"'기시/NNG',",24.0,4.0,28.0,6.876595541517567,Hawkish
"'서두/NNG',",24.0,12.0,36.0,2.292212915841138,Hawkish
"'cd/NNG;금리/NNG;상승/NNG',",23.0,15.0,38.0,1.7573641970814065,Hawkish
"'단서/NNG',",23.0,14.0,37.0,1.8828899377775,Hawkish
"'발급/NNG',",23.0,17.0,40.0,1.5506158193656054,Hawkish
"'맞서/VV',",23.0,20.0,43.0,1.31802375219352,Hawkish
"'금리/NNG;하락/NNG;압력/NNG',",23.0,19.0,42.0,1.3873933314222209,Hawkish
"'계좌/NNG',",23.0,17.0,40.0,1.5506158193656054,Hawkish
"'무겁/VA',",23.0,13.0,36.0,2.027727273268148,Hawkish
"'볼커룰/NNG',",23.0,13.0,36.0,2.027727273268148,Hawkish
"'휴지기/NNG',",23.0,19.0,42.0,1.3873933314222209,Hawkish
"'유의미/NNG',",23.0,9.0,32.0,2.928935925392974,Hawkish
"'긴축/NNG;전환/NNG',",23.0,11.0,34.0,2.396403842591154,Hawkish
"'규제가격/NNG',",23.0,15.0,38.0,1.7573641970814065,Hawkish
"'트렌드분석/NNG',",23.0,0.0,23.0,606292.1640718562,Hawkish
"'선인/NNG',",23.0,19.0,42.0,1.3873933314222209,Hawkish
"'시험/NNG',",23.0,6.0,29.0,4.3933945110853,Hawkish
"'행시/NNG',",23.0,16.0,39.0,1.6475291365599014,Hawkish
"'단기물/NNG;금리/NNG;스프레드/NNG;부담/NNG',",23.0,3.0,26.0,8.786728390630952,Hawkish
"'대부/NNG',",23.0,18.0,41.0,1.464470626498267,Hawkish
"'소비/NNG;심리/NNG;개선/NNG',",23.0,19.0,42.0,1.3873933314222209,Hawkish
"'공세/NNG',",23.0,14.0,37.0,1.8828899377775,Hawkish
"'불리/VV',",23.0,19.0,42.0,1.3873933314222209,Hawkish
"'투자금액/NNG',",23.0,14.0,37.0,1.8828899377775,Hawkish
"'지원책/NNG',",23.0,13.0,36.0,2.027727273268148,Hawkish
"'변액/NNG',",23.0,13.0,36.0,2.027727273268148,Hawkish
"'부활/NNG',",23.0,17.0,40.0,1.5506158193656054,Hawkish
"'할인채/NNG',",23.0,2.0,25.0,13.179998843136909,Hawkish
"'총계/NNG',",23.0,16.0,39.0,1.6475291365599014,Hawkish
"'대승/NNG',",23.0,0.0,23.0,606292.1640718562,Hawkish
"'장단/NNG',",23.0,9.0,32.0,2.928935925392974,Hawkish
"'서명/NNG',",23.0,13.0,36.0,2.027727273268148,Hawkish
"'락/NNG',",23.0,14.0,37.0,1.8828899377775,Hawkish
"'결단/NNG',",23.0,10.0,33.0,2.6360433892352386,Hawkish
"'브랜드/NNG',",23.0,14.0,37.0,1.8828899377775,Hawkish
"'단함/NNG',",23.0,7.0,30.0,3.7657702456905895,Hawkish
"'단일시장/NNG',",22.0,2.0,24.0,12.606946861261749,Hawkish
"'교/NNG',",22.0,8.0,30.0,3.1517880501845217,Hawkish
"'매/NNG',",22.0,14.0,36.0,1.8010252189524338,Hawkish
"'이익률/NNG',",22.0,12.0,34.0,2.1011952638897347,Hawkish
"'손실률/NNG',",22.0,19.0,41.0,1.3270719391434296,Hawkish
"'무더기/NNG',",22.0,10.0,32.0,2.5214328278577423,Hawkish
"'위원수/NNG',",22.0,5.0,27.0,5.042845386774025,Hawkish
"'불안/NNG;확산/NNG',",22.0,18.0,40.0,1.4007980494571335,Hawkish
"'의석수/NNG',",22.0,17.0,39.0,1.4831978008324282,Hawkish
"'가공/NNG',",22.0,16.0,38.0,1.5758974967018402,Hawkish
"'rqfii/NNG',",22.0,10.0,32.0,2.5214328278577423,Hawkish
"'수협/NNG',",22.0,16.0,38.0,1.5758974967018402,Hawkish
"'경기/NNG;모멘텀/NNG;둔화/NNG',",22.0,15.0,37.0,1.6809571201398386,Hawkish
"'중국인/NNG',",22.0,15.0,37.0,1.6809571201398386,Hawkish
"'손익분기/NNG',",22.0,19.0,41.0,1.3270719391434296,Hawkish
"'디레버리지/NNG',",22.0,19.0,41.0,1.3270719391434296,Hawkish
"'무보/NNG',",22.0,9.0,31.0,2.8015908727560843,Hawkish
"'우려/NNG;확산/NNG',",22.0,19.0,41.0,1.3270719391434296,Hawkish
"'연금보험/NNG',",22.0,2.0,24.0,12.606946861261749,Hawkish
"'지도자/NNG',",22.0,8.0,30.0,3.1517880501845217,Hawkish
"'특판/NNG',",22.0,8.0,30.0,3.1517880501845217,Hawkish
"'역성장/NNG',",22.0,19.0,41.0,1.3270719391434296,Hawkish
"'탈출/NNG',",22.0,19.0,41.0,1.3270719391434296,Hawkish
"'제법/MAG',",22.0,13.0,35.0,1.9395652759439224,Hawkish
"'링크/NNG',",22.0,16.0,38.0,1.5758974967018402,Hawkish
"'커버리지비율/NNG',",22.0,16.0,38.0,1.5758974967018402,Hawkish
"'전원/NNG',",22.0,15.0,37.0,1.6809571201398386,Hawkish
"'경기/NNG;확장/NNG',",22.0,18.0,40.0,1.4007980494571335,Hawkish
"'퇴석/NNG',",22.0,14.0,36.0,1.8010252189524338,Hawkish
"'머니/NNG',",22.0,18.0,40.0,1.4007980494571335,Hawkish
"'기온/NNG',",22.0,7.0,29.0,3.602040938590698,Hawkish
"'코코/NNG',",22.0,4.0,26.0,6.303543223645881,Hawkish
"'기업공개/NNG',",22.0,9.0,31.0,2.8015908727560843,Hawkish
"'결렬/NNG',",22.0,10.0,32.0,2.5214328278577423,Hawkish
"'월금/NNG',",22.0,8.0,30.0,3.1517880501845217,Hawkish
"'임의/NNG',",22.0,13.0,35.0,1.9395652759439224,Hawkish
"'불분명/NNG',",21.0,16.0,37.0,1.5042658620691156,Hawkish
"'낯선/VA',",21.0,6.0,27.0,4.011359558769634,Hawkish
"'위기감/NNG',",21.0,12.0,33.0,2.00568645210129,Hawkish
"'얼어붙/VV',",21.0,14.0,35.0,1.7191605071513543,Hawkish
"'축역/NNG',",21.0,15.0,36.0,1.604550049236436,Hawkish
"'시위/NNG',",21.0,14.0,35.0,1.7191605071513543,Hawkish
"'신용카드사/NNG',",21.0,15.0,36.0,1.604550049236436,Hawkish
"'아래쪽/NNG',",21.0,10.0,31.0,2.406822280484434,Hawkish
"'주자/NNG',",21.0,5.0,26.0,4.813624482943867,Hawkish
"'비정규직/NNG',",21.0,15.0,36.0,1.604550049236436,Hawkish
"'개구리/NNG',",21.0,0.0,21.0,505434.6790419162,Hawkish
"'깊이/NNG',",21.0,17.0,38.0,1.4157797868483677,Hawkish
"'전통/NNG',",21.0,18.0,39.0,1.3371254763980196,Hawkish
"'벌써/MAG',",21.0,12.0,33.0,2.00568645210129,Hawkish
"'투자주/NNG',",21.0,4.0,25.0,6.017017159169725,Hawkish
"'재보험/NNG',",21.0,1.0,22.0,24.0672216042439,Hawkish
"'자산효과/NNG',",21.0,18.0,39.0,1.3371254763980196,Hawkish
"'세기/NNG',",21.0,9.0,30.0,2.6742458372354228,Hawkish
"'설명력/NNG',",21.0,14.0,35.0,1.7191605071513543,Hawkish
"'공습/NNG',",21.0,8.0,29.0,3.008524906471728,Hawkish
"'맹점/NNG',",21.0,0.0,21.0,505434.6790419162,Hawkish
"'승하/NNG',",21.0,16.0,37.0,1.5042658620691156,Hawkish
"'특정금전신탁/NNG',",21.0,14.0,35.0,1.7191605071513543,Hawkish
"'공개매수/NNG',",21.0,0.0,21.0,505434.6790419162,Hawkish
"'카드론/NNG',",21.0,13.0,34.0,1.8514032868514256,Hawkish
"'국채/NNG;스프레드/NNG;축소/NNG',",21.0,18.0,39.0,1.3371254763980196,Hawkish
"'요구불/NNG',",21.0,12.0,33.0,2.00568645210129,Hawkish
"'집값/NNG',",21.0,8.0,29.0,3.008524906471728,Hawkish
"'외화부채/NNG',",21.0,13.0,34.0,1.8514032868514256,Hawkish
"'고용/NNG;지표/NNG;부진/NNG',",21.0,14.0,35.0,1.7191605071513543,Hawkish
"'베이비부머/NNG',",21.0,10.0,31.0,2.406822280484434,Hawkish
"'영업외수익/NNG',",21.0,4.0,25.0,6.017017159169725,Hawkish
"'월물간/NNG',",21.0,8.0,29.0,3.008524906471728,Hawkish
"'증발/NNG',",21.0,10.0,31.0,2.406822280484434,Hawkish
"'게/NNG',",21.0,18.0,39.0,1.3371254763980196,Hawkish
"'삼양/NNG',",21.0,18.0,39.0,1.3371254763980196,Hawkish
"'과학/NNG',",21.0,14.0,35.0,1.7191605071513543,Hawkish
"'결합/NNG',",21.0,13.0,34.0,1.8514032868514256,Hawkish
"'이자이익/NNG',",21.0,10.0,31.0,2.406822280484434,Hawkish
"'발목/NNG',",21.0,14.0,35.0,1.7191605071513543,Hawkish
"'온기/NNG',",21.0,18.0,39.0,1.3371254763980196,Hawkish
"'제목/NNG',",21.0,7.0,28.0,3.4383116583756888,Hawkish
"'성장국면/NNG',",20.0,17.0,37.0,1.3483617777822712,Hawkish
"'드러난/VV',",20.0,12.0,32.0,1.9101776509532857,Hawkish
"'채권시장/NNG;금리/NNG;상승/NNG',",20.0,17.0,37.0,1.3483617777822712,Hawkish
"'교외/NNG',",20.0,3.0,23.0,7.640624439444469,Hawkish
"'수익창출/NNG',",20.0,8.0,28.0,2.8652617862831935,Hawkish
"'구속/NNG',",20.0,7.0,27.0,3.274582408032755,Hawkish
"'청/NNG',",20.0,12.0,32.0,1.9101776509532857,Hawkish
"'선택법/NNG',",20.0,6.0,26.0,3.8203421389092127,Hawkish
"'핑/MAG',",20.0,13.0,33.0,1.7632413067389945,Hawkish
"'헤드/NNG',",20.0,12.0,32.0,1.9101776509532857,Hawkish
"'모면/NNG',",20.0,10.0,30.0,2.292211748515729,Hawkish
"'입법화/NNG',",20.0,10.0,30.0,2.292211748515729,Hawkish
"'국제/NNG;원자재/NNG;가격/NNG;상승/NNG',",20.0,7.0,27.0,3.274582408032755,Hawkish
"'인수단/NNG',",20.0,15.0,35.0,1.5281429848887544,Hawkish
"'수출금액/NNG',",20.0,9.0,29.0,2.546900820601624,Hawkish
"'노치/NNG',",20.0,7.0,27.0,3.274582408032755,Hawkish
"'오디세이아/NNG',",20.0,5.0,25.0,4.584403631357774,Hawkish
"'이익잉여금/NNG',",20.0,14.0,34.0,1.6372958029940237,Hawkish
"'국고채/NNG;입찰/NNG;호조/NNG',",20.0,8.0,28.0,2.8652617862831935,Hawkish
"'괴리율/NNG',",20.0,7.0,27.0,3.274582408032755,Hawkish
"'옥석/NNG',",20.0,13.0,33.0,1.7632413067389945,Hawkish
"'통화/NNG;긴축/NNG',",20.0,16.0,36.0,1.432634233097171,Hawkish
"'국민은행채/NNG',",20.0,1.0,21.0,22.921118783337096,Hawkish
"'롱/NNG',",20.0,13.0,33.0,1.7632413067389945,Hawkish
"'글로벌본드/NNG',",20.0,8.0,28.0,2.8652617862831935,Hawkish
"'문턱/NNG',",20.0,10.0,30.0,2.292211748515729,Hawkish
"'스리/NNG',",20.0,13.0,33.0,1.7632413067389945,Hawkish
"'유암/NNG',",20.0,2.0,22.0,11.460843418501511,Hawkish
"'동발/NNG',",20.0,15.0,35.0,1.5281429848887544,Hawkish
"'시야/NNG',",20.0,4.0,24.0,5.730491168162109,Hawkish
"'단축/NNG',",20.0,17.0,37.0,1.3483617777822712,Hawkish
"'학생/NNG',",20.0,11.0,31.0,2.0838295854120363,Hawkish
"'프로세스/NNG',",20.0,8.0,28.0,2.8652617862831935,Hawkish
"'원전사태/NNG',",20.0,0.0,20.0,458444.25988023955,Hawkish
"'중소기업진흥공단/NNG',",20.0,17.0,37.0,1.3483617777822712,Hawkish
"'방사능유출사태/NNG',",20.0,0.0,20.0,458444.25988023955,Hawkish
"'쿼터/NNG',",20.0,9.0,29.0,2.546900820601624,Hawkish
"'태/NNG',",20.0,16.0,36.0,1.432634233097171,Hawkish
"'시시시/NNG',",20.0,0.0,20.0,458444.25988023955,Hawkish
"'인플레이션타게팅/NNG',",20.0,10.0,30.0,2.292211748515729,Hawkish
"'수입/NNG;물가/NNG;상승/NNG',",20.0,15.0,35.0,1.5281429848887544,Hawkish
"'드신/VV',",20.0,0.0,20.0,458444.25988023955,Hawkish
"'소장/NNG',",20.0,17.0,37.0,1.3483617777822712,Hawkish
"'잠잠/NNG',",20.0,17.0,37.0,1.3483617777822712,Hawkish
"'재부/NNG',",20.0,10.0,30.0,2.292211748515729,Hawkish
"'bbb+등급/NNG',",19.0,11.0,30.0,1.9796381927131523,Hawkish
"'자산계정/NNG',",19.0,4.0,23.0,5.443965260205776,Hawkish
"'기물/NNG',",19.0,13.0,32.0,1.6750793364485093,Hawkish
"'재고/NNG;증가/NNG',",19.0,15.0,34.0,1.4517359276752388,Hawkish
"'하락/NNG;부정적/VAX',",19.0,9.0,28.0,2.419555824878273,Hawkish
"'재선/NNG',",19.0,15.0,34.0,1.4517359276752388,Hawkish
"'기법/NNG',",19.0,12.0,31.0,1.8146688614754383,Hawkish
"'강력매수/NNG',",19.0,15.0,34.0,1.4517359276752388,Hawkish
"'매직/NNG',",19.0,9.0,28.0,2.419555824878273,Hawkish
"'금리/NNG;고점/NNG',",19.0,8.0,27.0,2.7219986922327117,Hawkish
"'구조조정기금/NNG',",19.0,2.0,21.0,10.887792007233363,Hawkish
"'ecb/NNG;금리/NNG;인상/NNG',",19.0,5.0,24.0,4.355182838546206,Hawkish
"'기업체/NNG',",19.0,14.0,33.0,1.555431107175326,Hawkish
"'해고/NNG',",19.0,10.0,29.0,2.1776012335451993,Hawkish
"'중위값/NNG',",19.0,4.0,23.0,5.443965260205776,Hawkish
"'확고히/MAG',",19.0,16.0,35.0,1.3610026102712156,Hawkish
"'실기/NNG',",19.0,8.0,27.0,2.7219986922327117,Hawkish
"'당분간/MAG;완화/NNG',",19.0,6.0,25.0,3.6293247625854144,Hawkish
"'자금부족/NNG',",19.0,6.0,25.0,3.6293247625854144,Hawkish
"'사업부/NNG',",19.0,16.0,35.0,1.3610026102712156,Hawkish
"'분할매수/NNG',",19.0,12.0,31.0,1.8146688614754383,Hawkish
"'aa+등급/NNG',",19.0,8.0,27.0,2.7219986922327117,Hawkish
"'국영/NNG',",19.0,9.0,28.0,2.419555824878273,Hawkish
"'그래프/NNG',",19.0,13.0,32.0,1.6750793364485093,Hawkish
"'채권시장/NNG;부담/NNG',",19.0,15.0,34.0,1.4517359276752388,Hawkish
"'상담/NNG',",19.0,5.0,24.0,4.355182838546206,Hawkish
"'필연/NNG',",19.0,14.0,33.0,1.555431107175326,Hawkish
"'공모주/NNG',",19.0,7.0,26.0,3.1108531910086565,Hawkish
"'대결/NNG',",19.0,7.0,26.0,3.1108531910086565,Hawkish
"'글/NNG',",19.0,16.0,35.0,1.3610026102712156,Hawkish
"'골디락스/NNG',",19.0,2.0,21.0,10.887792007233363,Hawkish
"'외화증권/NNG',",19.0,7.0,26.0,3.1108531910086565,Hawkish
"'탕감/NNG',",19.0,12.0,31.0,1.8146688614754383,Hawkish
"'의석/NNG',",19.0,10.0,29.0,2.1776012335451993,Hawkish
"'주택담보대출/NNG;증가/NNG',",18.0,11.0,29.0,1.8754468154671564,Hawkish
"'거짓말/NNG',",18.0,1.0,19.0,20.62891470886972,Hawkish
"'선발행/NNG',",18.0,5.0,23.0,4.125962112175333,Hawkish
"'약점/NNG',",18.0,11.0,29.0,1.8754468154671564,Hawkish
"'경기/NNG;선행/NNG;지수/NNG;상승/NNG',",18.0,14.0,32.0,1.4735664204770076,Hawkish
"'바스켓/NNG',",18.0,9.0,27.0,2.2922108523887443,Hawkish
"'증권신고서/NNG',",18.0,11.0,29.0,1.8754468154671564,Hawkish
"'동조성/NNG',",18.0,6.0,24.0,3.4383074352402834,Hawkish
"'집중도/NNG',",18.0,10.0,28.0,2.0629907373940735,Hawkish
"'케/XSV',",18.0,12.0,30.0,1.7191600848347612,Hawkish
"'재량/NNG',",18.0,11.0,29.0,1.8754468154671564,Hawkish
"'하락/NNG;안정/NNG',",18.0,14.0,32.0,1.4735664204770076,Hawkish
"'경기/NNG;모멘텀/NNG;약화/NNG',",18.0,14.0,32.0,1.4735664204770076,Hawkish
"'복구/NNG',",18.0,13.0,31.0,1.5869173769304772,Hawkish
"'실직/NNG',",18.0,10.0,28.0,2.0629907373940735,Hawkish
"'도심/NNG',",18.0,0.0,18.0,371340.06826347305,Hawkish
"'소기업낙관지수/NNG',",18.0,15.0,33.0,1.3753288782444484,Hawkish
"'주민/NNG',",18.0,15.0,33.0,1.3753288782444484,Hawkish
"'금리/NNG;인상/NNG;어렵/VA',",18.0,12.0,30.0,1.7191600848347612,Hawkish
"'과반/NNG',",18.0,13.0,31.0,1.5869173769304772,Hawkish
"'커버리지/NNG',",18.0,13.0,31.0,1.5869173769304772,Hawkish
"'턴/XSV',",18.0,3.0,21.0,6.876555747095357,Hawkish
"'쓰이/VV',",18.0,9.0,27.0,2.2922108523887443,Hawkish
"'대치/NNG',",18.0,14.0,32.0,1.4735664204770076,Hawkish
"'국방비/NNG',",18.0,8.0,26.0,2.5787356273362003,Hawkish
"'초단/NNG',",18.0,11.0,29.0,1.8754468154671564,Hawkish
"'양키본드/NNG',",18.0,1.0,19.0,20.62891470886972,Hawkish
"'초과유동성/NNG',",18.0,3.0,21.0,6.876555747095357,Hawkish
"'열석/NNG',",18.0,15.0,33.0,1.3753288782444484,Hawkish
"'국고채/NNG;수익률/NNG;하락/NNG',",18.0,13.0,31.0,1.5869173769304772,Hawkish
"'삽입/NNG',",18.0,6.0,24.0,3.4383074352402834,Hawkish
"'달달달/MAG',",18.0,1.0,19.0,20.62891470886972,Hawkish
"'비금속/NNG',",18.0,6.0,24.0,3.4383074352402834,Hawkish
"'액면가/NNG',",18.0,12.0,30.0,1.7191600848347612,Hawkish
"'구제역/NNG',",18.0,4.0,22.0,5.157439446625776,Hawkish
"'퇴직연금/NNG',",18.0,15.0,33.0,1.3753288782444484,Hawkish
"'거둘/VV',",18.0,8.0,26.0,2.5787356273362003,Hawkish
"'인민/NNG',",18.0,3.0,21.0,6.876555747095357,Hawkish
"'실성/NNG',",18.0,8.0,26.0,2.5787356273362003,Hawkish
"'조각/NNG',",18.0,2.0,20.0,10.31474084405375,Hawkish
"'자본잠식/NNG',",18.0,13.0,31.0,1.5869173769304772,Hawkish
"'구성종목/NNG',",18.0,6.0,24.0,3.4383074352402834,Hawkish
"'리비전/NNG',",18.0,7.0,25.0,2.9471240113016286,Hawkish
"'떠안/VV',",18.0,13.0,31.0,1.5869173769304772,Hawkish
"'광산업/NNG',",18.0,8.0,26.0,2.5787356273362003,Hawkish
"'신용보증/NNG',",18.0,15.0,33.0,1.3753288782444484,Hawkish
"'원천징수/NNG',",18.0,14.0,32.0,1.4735664204770076,Hawkish
"'각오/NNG',",17.0,7.0,24.0,2.7833948735762806,Hawkish
"'예상/NNG;금리/NNG;인상/NNG',",17.0,10.0,27.0,1.9483802621533866,Hawkish
"'반월/NNG',",17.0,9.0,26.0,2.1648659058138526,Hawkish
"['글로벌/NNG',",17.0,10.0,27.0,1.9483802621533866,Hawkish
"'진보/NNG',",17.0,2.0,19.0,9.74168996813352,Hawkish
"'이슈기업/NNG',",17.0,1.0,18.0,19.482813629449065,Hawkish
"'증회/NNG',",17.0,6.0,23.0,3.24729016326229,Hawkish
"'전환사채/NNG',",17.0,8.0,25.0,2.4354725950921137,Hawkish
"'미/NNG;금리/NNG;급등/NNG',",17.0,11.0,28.0,1.7712554553297102,Hawkish
"'섣불/MAG',",17.0,14.0,31.0,1.3917017437816825,Hawkish
"'반년/NNG',",17.0,4.0,21.0,4.870913740904283,Hawkish
"'버퍼/NNG',",17.0,9.0,26.0,2.1648659058138526,Hawkish
"'공시기준/NNG',",17.0,3.0,20.0,6.494521638212219,Hawkish
"'웃/VV',",17.0,2.0,19.0,9.74168996813352,Hawkish
"'낙찰률/NNG',",17.0,14.0,31.0,1.3917017437816825,Hawkish
"'뜨겁/VA',",17.0,10.0,27.0,1.9483802621533866,Hawkish
"'자기실현/NNG',",17.0,13.0,30.0,1.4987554292621421,Hawkish
"'일보/NNG',",17.0,3.0,20.0,6.494521638212219,Hawkish
"'와이/NNG',",17.0,13.0,30.0,1.4987554292621421,Hawkish
"'추세선/NNG',",17.0,14.0,31.0,1.3917017437816825,Hawkish
"'파동/NNG',",17.0,7.0,24.0,2.7833948735762806,Hawkish
"'수령/NNG',",17.0,13.0,30.0,1.4987554292621421,Hawkish
"'감액/NNG',",17.0,10.0,27.0,1.9483802621533866,Hawkish
"'카드업계/NNG',",17.0,12.0,29.0,1.6236513223592328,Hawkish
"'불플래트닝/NNG',",17.0,10.0,27.0,1.9483802621533866,Hawkish
"'적발/NNG',",17.0,7.0,24.0,2.7833948735762806,Hawkish
"'캡틴/NNG',",17.0,0.0,17.0,331226.2958083832,Hawkish
"'통화정책/NNG;경계/NNG',",17.0,13.0,30.0,1.4987554292621421,Hawkish
"'구/NNG',",17.0,12.0,29.0,1.6236513223592328,Hawkish
"'전망보고서/NNG',",17.0,12.0,29.0,1.6236513223592328,Hawkish
"'발판/NNG',",17.0,10.0,27.0,1.9483802621533866,Hawkish
"'정요/NNG',",17.0,1.0,18.0,19.482813629449065,Hawkish
"'경기/NNG;긍정적/VAX',",17.0,14.0,31.0,1.3917017437816825,Hawkish
"'공상/NNG',",17.0,6.0,23.0,3.24729016326229,Hawkish
"'감세안/NNG',",17.0,13.0,30.0,1.4987554292621421,Hawkish
"'발언권/NNG',",17.0,13.0,30.0,1.4987554292621421,Hawkish
"'기대/NNG;인플레이션/NNG;상승/NNG',",17.0,14.0,31.0,1.3917017437816825,Hawkish
"'재정승수/NNG',",17.0,11.0,28.0,1.7712554553297102,Hawkish
"'예시/NNG',",17.0,13.0,30.0,1.4987554292621421,Hawkish
"'유통비중/NNG',",17.0,4.0,21.0,4.870913740904283,Hawkish
"'수상/NNG',",17.0,12.0,29.0,1.6236513223592328,Hawkish
"'상하향/NNG',",16.0,11.0,27.0,1.6670641142017566,Hawkish
"'글로벌/NNG;불확실성/NNG',",16.0,13.0,29.0,1.4105934946693308,Hawkish
"'목표제/NNG',",16.0,13.0,29.0,1.4105934946693308,Hawkish
"'발행주식수/NNG',",16.0,1.0,17.0,18.33671333880677,Hawkish
"'산업/NNG;생산/NNG;부진/NNG',",16.0,7.0,23.0,2.619665783308446,Hawkish
"'매입액/NNG',",16.0,14.0,30.0,1.3098370780896489,Hawkish
"'오일/NNG',",16.0,13.0,29.0,1.4105934946693308,Hawkish
"'파산제도/NNG',",16.0,0.0,16.0,293404.73892215564,Hawkish
"'고용증가율/NNG',",16.0,13.0,29.0,1.4105934946693308,Hawkish
"'차/VV',",16.0,8.0,24.0,2.2922095995819887,Hawkish
"'열쇠/NNG',",16.0,8.0,24.0,2.2922095995819887,Hawkish
"'위험가중자산/NNG',",16.0,6.0,22.0,3.0562729542014444,Hawkish
"'딜/NNG',",16.0,7.0,23.0,2.619665783308446,Hawkish
"'으며/VV',",16.0,14.0,30.0,1.3098370780896489,Hawkish
"'포격/NNG',",16.0,2.0,18.0,9.16863942734791,Hawkish
"'중장기채/NNG',",16.0,12.0,28.0,1.5281425755665436,Hawkish
"'쌓이/VV',",16.0,5.0,21.0,3.6675208967214292,Hawkish
"'데스/NNG',",16.0,10.0,26.0,1.8337698102358753,Hawkish
"'높/VA;증가/NNG',",16.0,13.0,29.0,1.4105934946693308,Hawkish
"'템플/NNG',",16.0,1.0,17.0,18.33671333880677,Hawkish
"'물가/NNG;상승률/NNG;둔화/NNG',",16.0,7.0,23.0,2.619665783308446,Hawkish
"'유지비/NNG',",16.0,2.0,18.0,9.16863942734791,Hawkish
"'위험/NNG;축소/NNG',",16.0,5.0,21.0,3.6675208967214292,Hawkish
"'qfii/NNG',",16.0,3.0,19.0,6.112487720826832,Hawkish
"'신계약비/NNG',",16.0,0.0,16.0,293404.73892215564,Hawkish
"'비난/NNG',",16.0,13.0,29.0,1.4105934946693308,Hawkish
"'실험/NNG',",16.0,12.0,28.0,1.5281425755665436,Hawkish
"'공산당/NNG',",16.0,7.0,23.0,2.619665783308446,Hawkish
"'말년/NNG',",16.0,1.0,17.0,18.33671333880677,Hawkish
"'원재료/NNG',",16.0,12.0,28.0,1.5281425755665436,Hawkish
"['슬라이드/NNG',",16.0,7.0,23.0,2.619665783308446,Hawkish
"'높/VA;상승/NNG',",16.0,12.0,28.0,1.5281425755665436,Hawkish
"'배당성향/NNG',",16.0,9.0,25.0,2.0375209882633385,Hawkish
"'가격/NNG;부담/NNG;인식/NNG;높/VA',",16.0,0.0,16.0,293404.73892215564,Hawkish
"'수수수/MAG',",16.0,13.0,29.0,1.4105934946693308,Hawkish
"'않/VV',",16.0,5.0,21.0,3.6675208967214292,Hawkish
"'fed/NNG;매파/NNG',",16.0,13.0,29.0,1.4105934946693308,Hawkish
"'자본주의/NNG',",16.0,6.0,22.0,3.0562729542014444,Hawkish
"'농/NNG',",16.0,10.0,26.0,1.8337698102358753,Hawkish
"'흡수합병/NNG',",16.0,10.0,26.0,1.8337698102358753,Hawkish
"'단단/NNG',",16.0,11.0,27.0,1.6670641142017566,Hawkish
"'콘/NNG',",16.0,6.0,22.0,3.0562729542014444,Hawkish
"'교통공사/NNG',",16.0,11.0,27.0,1.6670641142017566,Hawkish
"'신호탄/NNG',",16.0,5.0,21.0,3.6675208967214292,Hawkish
"'기운/NNG',",16.0,8.0,24.0,2.2922095995819887,Hawkish
"'고용자/NNG',",16.0,11.0,27.0,1.6670641142017566,Hawkish
"'한참/NNG',",16.0,6.0,22.0,3.0562729542014444,Hawkish
"'마무리/MAG',",16.0,11.0,27.0,1.6670641142017566,Hawkish
"'원자재기업/NNG',",16.0,3.0,19.0,6.112487720826832,Hawkish
"'보스턴/NNG',",16.0,8.0,24.0,2.2922095995819887,Hawkish
"'복병/NNG',",16.0,10.0,26.0,1.8337698102358753,Hawkish
"'국가부도위험/NNG',",16.0,11.0,27.0,1.6670641142017566,Hawkish
"'실마리/NNG',",16.0,14.0,30.0,1.3098370780896489,Hawkish
"'소매/NNG;판매/NNG;증가/NNG',",16.0,8.0,24.0,2.2922095995819887,Hawkish
"'수은/NNG',",16.0,6.0,22.0,3.0562729542014444,Hawkish
"'보증금/NNG',",16.0,11.0,27.0,1.6670641142017566,Hawkish
"'휴가철/NNG',",16.0,14.0,30.0,1.3098370780896489,Hawkish
"'챙긴/VV',",16.0,3.0,19.0,6.112487720826832,Hawkish
"'잡아가/VV',",16.0,8.0,24.0,2.2922095995819887,Hawkish
"'상자/NNG',",16.0,14.0,30.0,1.3098370780896489,Hawkish
"'금회/NNG',",16.0,10.0,26.0,1.8337698102358753,Hawkish
"'자본잉여금/NNG',",16.0,10.0,26.0,1.8337698102358753,Hawkish
"'보장성보험/NNG',",16.0,4.0,20.0,4.584388159219867,Hawkish
"'고찰/NNG',",16.0,13.0,29.0,1.4105934946693308,Hawkish
"'우대금리/NNG',",16.0,10.0,26.0,1.8337698102358753,Hawkish
"'유가/NNG;불안/NNG',",16.0,14.0,30.0,1.3098370780896489,Hawkish
"'플랜/NNG',",16.0,13.0,29.0,1.4105934946693308,Hawkish
"'필라델피아제조업지수/NNG',",16.0,9.0,25.0,2.0375209882633385,Hawkish
"'놀랍/VA',",16.0,4.0,20.0,4.584388159219867,Hawkish
"'소기/NNG',",16.0,12.0,28.0,1.5281425755665436,Hawkish
"'부동산/NNG;가격/NNG;상승/NNG',",16.0,13.0,29.0,1.4105934946693308,Hawkish
"'봐도/VV',",16.0,12.0,28.0,1.5281425755665436,Hawkish
"'대출/NNG;축소/NNG',",16.0,10.0,26.0,1.8337698102358753,Hawkish
"'인수금액/NNG',",16.0,9.0,25.0,2.0375209882633385,Hawkish
"'팽팽/NNG',",16.0,14.0,30.0,1.3098370780896489,Hawkish
"'분과/NNG',",16.0,12.0,28.0,1.5281425755665436,Hawkish
"'시켜야/XSV',",16.0,12.0,28.0,1.5281425755665436,Hawkish
"'부동산정책/NNG',",16.0,13.0,29.0,1.4105934946693308,Hawkish
"'가설/NNG',",16.0,13.0,29.0,1.4105934946693308,Hawkish
"'붐/NNG',",15.0,11.0,26.0,1.5628727942766916,Hawkish
"'대여금/NNG',",15.0,10.0,25.0,1.7191593844403066,Hawkish
"'탄성/NNG',",15.0,10.0,25.0,1.7191593844403066,Hawkish
"'박자/NNG',",15.0,9.0,24.0,1.9101761033652345,Hawkish
"'뉘앙스/NNG',",15.0,8.0,23.0,2.1489466455971815,Hawkish
"'대용/NNG',",15.0,5.0,20.0,3.438300431366944,Hawkish
"'인선/NNG',",15.0,9.0,24.0,1.9101761033652345,Hawkish
"'저금리정책/NNG',",15.0,10.0,25.0,1.7191593844403066,Hawkish
"'대법원/NNG',",15.0,11.0,26.0,1.5628727942766916,Hawkish
"'상하단/NNG',",15.0,10.0,25.0,1.7191593844403066,Hawkish
"'불합격/NNG',",15.0,2.0,17.0,8.595589280836577,Hawkish
"'수장/NNG',",15.0,10.0,25.0,1.7191593844403066,Hawkish
"'인상/NNG;금리/NNG;인상/NNG;금리/NNG;인상/NNG',",15.0,7.0,22.0,2.455936746969564,Hawkish
"'매도가능증권/NNG',",15.0,2.0,17.0,8.595589280836577,Hawkish
"'성적/NNG',",15.0,7.0,22.0,2.455936746969564,Hawkish
"'자수/NNG',",15.0,5.0,20.0,3.438300431366944,Hawkish
"'실지/MAG',",15.0,6.0,21.0,2.8652558170458393,Hawkish
"'신흥국/NNG;성장/NNG',",15.0,13.0,28.0,1.3224315745529884,Hawkish
"'미침/VV',",15.0,12.0,27.0,1.4326338461992254,Hawkish
"'경기/NNG;모멘텀/NNG;개선/NNG',",15.0,12.0,27.0,1.4326338461992254,Hawkish
"'기비/NNG',",15.0,11.0,26.0,1.5628727942766916,Hawkish
"'구매자/NNG',",15.0,9.0,24.0,1.9101761033652345,Hawkish
"'할지라도/VV',",15.0,5.0,20.0,3.438300431366944,Hawkish
"'소득/NNG;증가/NNG',",15.0,13.0,28.0,1.3224315745529884,Hawkish
"'관성/NNG',",15.0,10.0,25.0,1.7191593844403066,Hawkish
"'사흘/NNG',",15.0,9.0,24.0,1.9101761033652345,Hawkish
"'녹록/NNG',",15.0,8.0,23.0,2.1489466455971815,Hawkish
"'권/NNG',",15.0,8.0,23.0,2.1489466455971815,Hawkish
"'롱포지션/NNG',",15.0,13.0,28.0,1.3224315745529884,Hawkish
"'성장/NNG;경로/NNG;불확실성/NNG;높/VA',",15.0,13.0,28.0,1.3224315745529884,Hawkish
"'대학생/NNG',",15.0,1.0,16.0,17.19061398482954,Hawkish
"'감독청/NNG',",15.0,5.0,20.0,3.438300431366944,Hawkish
"'경제/NNG;지표/NNG;양호/NNG',",15.0,10.0,25.0,1.7191593844403066,Hawkish
"'프로퍼티/NNG',",15.0,7.0,22.0,2.455936746969564,Hawkish
"'금리/NNG;상승/NNG;하락/NNG',",15.0,12.0,27.0,1.4326338461992254,Hawkish
"'법정/NNG',",15.0,12.0,27.0,1.4326338461992254,Hawkish
"'그래도/VV',",15.0,13.0,28.0,1.3224315745529884,Hawkish
"'털/VV',",15.0,7.0,22.0,2.455936746969564,Hawkish
"'분리과세/NNG',",15.0,7.0,22.0,2.455936746969564,Hawkish
"'함정/NNG',",15.0,13.0,28.0,1.3224315745529884,Hawkish
"'도매업/NNG',",15.0,6.0,21.0,2.8652558170458393,Hawkish
"'기습/NNG',",15.0,6.0,21.0,2.8652558170458393,Hawkish
"'기대/NNG;인플레이션/NNG;안정/NNG',",15.0,10.0,25.0,1.7191593844403066,Hawkish
"'미세/NNG',",15.0,11.0,26.0,1.5628727942766916,Hawkish
"'고/XSV',",15.0,0.0,15.0,257875.39760479043,Hawkish
"'최고가/NNG',",15.0,11.0,26.0,1.5628727942766916,Hawkish
"'잣대/NNG',",15.0,8.0,23.0,2.1489466455971815,Hawkish
"'너스/NNG',",15.0,13.0,28.0,1.3224315745529884,Hawkish
"'gdp/NNG;증가/NNG',",15.0,4.0,19.0,4.297862721157073,Hawkish
"'유형자산/NNG',",15.0,12.0,27.0,1.4326338461992254,Hawkish
"'첨예/NNG',",15.0,13.0,28.0,1.3224315745529884,Hawkish
"'순이익률/NNG',",15.0,2.0,17.0,8.595589280836577,Hawkish
"'국고채/NNG;발행/NNG;감소/NNG',",15.0,9.0,24.0,1.9101761033652345,Hawkish
"'눈치보/VV',",15.0,2.0,17.0,8.595589280836577,Hawkish
"'은행/NNG;대출/NNG;확대/NNG',",15.0,10.0,25.0,1.7191593844403066,Hawkish
"'방정식/NNG',",15.0,3.0,18.0,5.730454026854903,Hawkish
"'단호/NNG',",15.0,9.0,24.0,1.9101761033652345,Hawkish
"'플라자합의/NNG',",15.0,9.0,24.0,1.9101761033652345,Hawkish
"['황병/NNG',",15.0,13.0,28.0,1.3224315745529884,Hawkish
"'사도/NNG',",15.0,4.0,19.0,4.297862721157073,Hawkish
"'재개발/NNG',",15.0,5.0,20.0,3.438300431366944,Hawkish
"'금리/NNG;인상/NNG;경계/NNG',",15.0,12.0,27.0,1.4326338461992254,Hawkish
"'고물가/NNG',",15.0,12.0,27.0,1.4326338461992254,Hawkish
"'불식/NNG',",15.0,13.0,28.0,1.3224315745529884,Hawkish
"'대비책/NNG',",15.0,8.0,23.0,2.1489466455971815,Hawkish
"'화토/NNG',",15.0,13.0,28.0,1.3224315745529884,Hawkish
"'스퀴즈/NNG',",15.0,3.0,18.0,5.730454026854903,Hawkish
"'코끼리/NNG',",14.0,1.0,15.0,16.044515754837903,Hawkish
"'솔직히/MAG',",14.0,9.0,23.0,1.7828312553785288,Hawkish
"'獨/NNG',",14.0,3.0,17.0,5.348420595721558,Hawkish
"'전분/NNG',",14.0,10.0,24.0,1.6045489880319113,Hawkish
"'호흡/NNG',",14.0,8.0,22.0,2.005683738800205,Hawkish
"'고용/NNG;감소/NNG',",14.0,9.0,23.0,1.7828312553785288,Hawkish
"'메디케어/NNG',",14.0,4.0,18.0,4.011337450652506,Hawkish
"'증산/NNG',",14.0,12.0,26.0,1.337125136267892,Hawkish
"'정책/NNG;불확실성/NNG;해소/NNG',",14.0,3.0,17.0,5.348420595721558,Hawkish
"'경제/NNG;견조/NNG;성장/NNG',",14.0,10.0,24.0,1.6045489880319113,Hawkish
"'꺼지/VV',",14.0,7.0,21.0,2.2922077722637186,Hawkish
"'거액/NNG',",14.0,11.0,25.0,1.458681498098853,Hawkish
"'취임식/NNG',",14.0,1.0,15.0,16.044515754837903,Hawkish
"'말미암/VV',",14.0,11.0,25.0,1.458681498098853,Hawkish
"'다분/NNG',",14.0,4.0,18.0,4.011337450652506,Hawkish
"'경제/NNG;불안/NNG',",14.0,9.0,23.0,1.7828312553785288,Hawkish
"'최저가/NNG',",14.0,7.0,21.0,2.2922077722637186,Hawkish
"'출자금/NNG',",14.0,9.0,23.0,1.7828312553785288,Hawkish
"'차례차례/MAG',",14.0,2.0,16.0,8.022539602523649,Hawkish
"'화폐발행액/NNG',",14.0,3.0,17.0,5.348420595721558,Hawkish
"'유고/NNG',",14.0,12.0,26.0,1.337125136267892,Hawkish
"'크라운/NNG',",14.0,12.0,26.0,1.337125136267892,Hawkish
"'지출비중/NNG',",14.0,10.0,24.0,1.6045489880319113,Hawkish
"'부동자금/NNG',",14.0,12.0,26.0,1.337125136267892,Hawkish
"'유동성/NNG;축소/NNG',",14.0,11.0,25.0,1.458681498098853,Hawkish
"'영세/NNG',",14.0,12.0,26.0,1.337125136267892,Hawkish
"'매도헤지/NNG',",14.0,11.0,25.0,1.458681498098853,Hawkish
"'부정적/VAX;하락/NNG',",14.0,8.0,22.0,2.005683738800205,Hawkish
"'은한/NNG',",14.0,8.0,22.0,2.005683738800205,Hawkish
"'중의원/NNG',",14.0,3.0,17.0,5.348420595721558,Hawkish
"'준다/VV',",14.0,11.0,25.0,1.458681498098853,Hawkish
"'본연/NNG',",14.0,12.0,26.0,1.337125136267892,Hawkish
"'팬/NNG',",14.0,4.0,18.0,4.011337450652506,Hawkish
"'원금손실/NNG',",14.0,11.0,25.0,1.458681498098853,Hawkish
"'명백히/MAG',",14.0,12.0,26.0,1.337125136267892,Hawkish
"'메인/VV',",14.0,3.0,17.0,5.348420595721558,Hawkish
"'항셍/NNG',",14.0,10.0,24.0,1.6045489880319113,Hawkish
"'바스캣/NNG',",14.0,4.0,18.0,4.011337450652506,Hawkish
"'식순/NNG',",14.0,9.0,23.0,1.7828312553785288,Hawkish
"'시장리스크/NNG',",14.0,12.0,26.0,1.337125136267892,Hawkish
"'공개시장/NNG',",14.0,11.0,25.0,1.458681498098853,Hawkish
"'거래처/NNG',",14.0,1.0,15.0,16.044515754837903,Hawkish
"'부동산/NNG;거품/NNG',",14.0,12.0,26.0,1.337125136267892,Hawkish
"'비지표물/NNG',",14.0,10.0,24.0,1.6045489880319113,Hawkish
"'타협/NNG',",14.0,12.0,26.0,1.337125136267892,Hawkish
"'증권금융/NNG',",14.0,11.0,25.0,1.458681498098853,Hawkish
"'흥통/NNG',",14.0,12.0,26.0,1.337125136267892,Hawkish
"'한미fta/NNG',",14.0,3.0,17.0,5.348420595721558,Hawkish
"'돌발/NNG',",14.0,8.0,22.0,2.005683738800205,Hawkish
"'채권시장/NNG;금리/NNG;인상/NNG',",14.0,5.0,19.0,3.2090800809093283,Hawkish
"'금리/NNG;되돌/VV',",14.0,9.0,23.0,1.7828312553785288,Hawkish
"'두렵/VA',",14.0,5.0,19.0,3.2090800809093283,Hawkish
"'국유기업/NNG',",14.0,11.0,25.0,1.458681498098853,Hawkish
"'경기/NNG;불확실성/NNG;증가/NNG',",14.0,3.0,17.0,5.348420595721558,Hawkish
"'수출/NNG;양호/NNG',",14.0,11.0,25.0,1.458681498098853,Hawkish
"'기장/NNG',",14.0,1.0,15.0,16.044515754837903,Hawkish
"'대성/NNG',",14.0,12.0,26.0,1.337125136267892,Hawkish
"'대외/NNG;여건/NNG;악화/NNG',",14.0,12.0,26.0,1.337125136267892,Hawkish
"'정상화계획/NNG',",14.0,4.0,18.0,4.011337450652506,Hawkish
"'돌이켜/VV',",14.0,12.0,26.0,1.337125136267892,Hawkish
"'인플레이션/NNG;부담/NNG',",14.0,10.0,24.0,1.6045489880319113,Hawkish
"'유독/MAG',",14.0,12.0,26.0,1.337125136267892,Hawkish
"'하의/NNG',",14.0,8.0,22.0,2.005683738800205,Hawkish
"'차입/NNG;부담/NNG',",14.0,11.0,25.0,1.458681498098853,Hawkish
"'잔치/NNG',",14.0,9.0,23.0,1.7828312553785288,Hawkish
"'신흥국/NNG;위험/NNG',",14.0,8.0,22.0,2.005683738800205,Hawkish
"'사들였/VV',",14.0,12.0,26.0,1.337125136267892,Hawkish
"'edi/NNG',",14.0,4.0,18.0,4.011337450652506,Hawkish
"'미지수/NNG',",14.0,12.0,26.0,1.337125136267892,Hawkish
"'투자심리/NNG;약화/NNG',",14.0,9.0,23.0,1.7828312553785288,Hawkish
"'관리국/NNG',",13.0,5.0,18.0,2.979859864497846,Hawkish
"'원화/NNG;하락/NNG',",13.0,7.0,20.0,2.1284788684357987,Hawkish
"'하비/NNG',",13.0,2.0,15.0,7.449490486045675,Hawkish
"'짐작/NNG',",13.0,11.0,24.0,1.3544902286366318,Hawkish
"'보관/NNG',",13.0,10.0,23.0,1.4899386248437818,Hawkish
"'고갈/NNG',",13.0,5.0,18.0,2.979859864497846,Hawkish
"'매트릭스/NNG',",13.0,3.0,16.0,4.966387476708007,Hawkish
"'풋옵션/NNG',",13.0,11.0,24.0,1.3544902286366318,Hawkish
"'불황형/NNG',",13.0,11.0,24.0,1.3544902286366318,Hawkish
"'상승효과/NNG',",13.0,11.0,24.0,1.3544902286366318,Hawkish
"'이미/MAG;금리/NNG;인상/NNG',",13.0,10.0,23.0,1.4899386248437818,Hawkish
"'조합장/NNG',",13.0,10.0,23.0,1.4899386248437818,Hawkish
"'탄핵안/NNG',",13.0,10.0,23.0,1.4899386248437818,Hawkish
"'경제/NNG;활력/NNG',",13.0,10.0,23.0,1.4899386248437818,Hawkish
"'정액/NNG',",13.0,5.0,18.0,2.979859864497846,Hawkish
"'사명/NNG',",13.0,11.0,24.0,1.3544902286366318,Hawkish
"'앞서간/VV',",13.0,7.0,20.0,2.1284788684357987,Hawkish
"'내수/NNG;진작/NNG',",13.0,11.0,24.0,1.3544902286366318,Hawkish
"'신자유주의/NNG',",13.0,5.0,18.0,2.979859864497846,Hawkish
"'위험/NNG;확산/NNG',",13.0,10.0,23.0,1.4899386248437818,Hawkish
"'민간/NNG;소비/NNG;개선/NNG',",13.0,7.0,20.0,2.1284788684357987,Hawkish
"'경기/NNG;완만/NNG;회복/NNG',",13.0,9.0,22.0,1.655486449336568,Hawkish
"'중소기업자금/NNG',",13.0,8.0,21.0,1.8624208859321376,Hawkish
"'분업/NNG',",13.0,11.0,24.0,1.3544902286366318,Hawkish
"'부정적/VAX;안정/NNG',",13.0,8.0,21.0,1.8624208859321376,Hawkish
"'정정/NNG',",13.0,8.0,21.0,1.8624208859321376,Hawkish
"'유익/NNG',",13.0,8.0,21.0,1.8624208859321376,Hawkish
"'전망/NNG;경기/NNG;회복/NNG',",13.0,9.0,22.0,1.655486449336568,Hawkish
"'금리연동/NNG',",13.0,6.0,19.0,2.483221803863786,Hawkish
"'축/MAG',",13.0,9.0,22.0,1.655486449336568,Hawkish
"'수익성/NNG;하락/NNG',",13.0,9.0,22.0,1.655486449336568,Hawkish
"'덕/NNG',",13.0,8.0,21.0,1.8624208859321376,Hawkish
"'시킨다/XSV',",13.0,11.0,24.0,1.3544902286366318,Hawkish
"'회색/NNG',",13.0,3.0,16.0,4.966387476708007,Hawkish
"'구역/NNG',",13.0,6.0,19.0,2.483221803863786,Hawkish
"'기업/NNG;실적/NNG;호조/NNG',",13.0,9.0,22.0,1.655486449336568,Hawkish
"'완성/NNG',",13.0,9.0,22.0,1.655486449336568,Hawkish
"['이율/NNG',",13.0,11.0,24.0,1.3544902286366318,Hawkish
"'실업률/NNG;높/VA',",13.0,9.0,22.0,1.655486449336568,Hawkish
"'기대/NNG;금리/NNG;하락/NNG',",13.0,6.0,19.0,2.483221803863786,Hawkish
"'상장채권/NNG',",13.0,7.0,20.0,2.1284788684357987,Hawkish
"'웹/NNG',",13.0,7.0,20.0,2.1284788684357987,Hawkish
"'투자분석/NNG',",13.0,8.0,21.0,1.8624208859321376,Hawkish
"'헬리콥터머니/NNG',",13.0,4.0,17.0,3.724812377274832,Hawkish
"'경기/NNG;자신/NNG',",13.0,9.0,22.0,1.655486449336568,Hawkish
"'경기/NNG;호전/NNG',",13.0,11.0,24.0,1.3544902286366318,Hawkish
"'듀레이션/NNG;증가/NNG',",13.0,8.0,21.0,1.8624208859321376,Hawkish
"'금리/NNG;인하/NNG;어렵/VA',",13.0,10.0,23.0,1.4899386248437818,Hawkish
"'임/NNG',",13.0,5.0,18.0,2.979859864497846,Hawkish
"'개국/NNG',",13.0,9.0,22.0,1.655486449336568,Hawkish
"'부동산/NNG;경기/NNG;둔화/NNG',",13.0,8.0,21.0,1.8624208859321376,Hawkish
"'주택차압/NNG',",13.0,7.0,20.0,2.1284788684357987,Hawkish
"'정산/NNG',",13.0,11.0,24.0,1.3544902286366318,Hawkish
"'판매비율/NNG',",13.0,7.0,20.0,2.1284788684357987,Hawkish
"'탄력세율/NNG',",13.0,3.0,16.0,4.966387476708007,Hawkish
"'상생/NNG',",13.0,8.0,21.0,1.8624208859321376,Hawkish
"'제1금융권/NNG',",13.0,6.0,19.0,2.483221803863786,Hawkish
"'부당이득/NNG',",13.0,4.0,17.0,3.724812377274832,Hawkish
"'기대/NNG;강세/NNG',",13.0,7.0,20.0,2.1284788684357987,Hawkish
"'금리/NNG;매력/NNG;높/VA',",13.0,8.0,21.0,1.8624208859321376,Hawkish
"'문안/NNG',",13.0,10.0,23.0,1.4899386248437818,Hawkish
"'자본자유화/NNG',",13.0,6.0,19.0,2.483221803863786,Hawkish
"'경상/NNG;수지/NNG;개선/NNG',",13.0,10.0,23.0,1.4899386248437818,Hawkish
"'연안/NNG',",13.0,6.0,19.0,2.483221803863786,Hawkish
"'경쟁사/NNG',",13.0,3.0,16.0,4.966387476708007,Hawkish
"'법인자금/NNG',",13.0,11.0,24.0,1.3544902286366318,Hawkish
"'예상/NNG;높/VA',",13.0,7.0,20.0,2.1284788684357987,Hawkish
"'않/NNG',",13.0,4.0,17.0,3.724812377274832,Hawkish
"'신용스프레드/NNG;소폭/MAG;확대/NNG',",13.0,7.0,20.0,2.1284788684357987,Hawkish
"'자/VV',",13.0,10.0,23.0,1.4899386248437818,Hawkish
"'상기/MAG',",13.0,10.0,23.0,1.4899386248437818,Hawkish
"'지리/NNG',",13.0,8.0,21.0,1.8624208859321376,Hawkish
"'국고여유자금/NNG',",13.0,6.0,19.0,2.483221803863786,Hawkish
"'총력/NNG',",12.0,7.0,19.0,1.9647500466769712,Hawkish
"'일계/NNG',",12.0,5.0,17.0,2.75063980578742,Hawkish
"'급작/NNG',",12.0,6.0,18.0,2.2922049568514193,Hawkish
"'치발/NNG',",12.0,8.0,20.0,1.719158095082265,Hawkish
"'보완책/NNG',",12.0,8.0,20.0,1.719158095082265,Hawkish
"'증진/NNG',",12.0,8.0,20.0,1.719158095082265,Hawkish
"'건설기업/NNG',",12.0,6.0,18.0,2.2922049568514193,Hawkish
"'헌/XSV',",12.0,4.0,16.0,3.4382875379847637,Hawkish
"'승부/NNG',",12.0,3.0,15.0,4.584354732236822,Hawkish
"'보건복지/NNG',",12.0,8.0,20.0,1.719158095082265,Hawkish
"'일회성요인/NNG',",12.0,4.0,16.0,3.4382875379847637,Hawkish
"'방편/NNG',",12.0,5.0,17.0,2.75063980578742,Hawkish
"'가하/NNG',",12.0,8.0,20.0,1.719158095082265,Hawkish
"'드러낼/VV',",12.0,6.0,18.0,2.2922049568514193,Hawkish
"'에너지산업/NNG',",12.0,6.0,18.0,2.2922049568514193,Hawkish
"'표치/NNG',",12.0,8.0,20.0,1.719158095082265,Hawkish
"'이루어짐/VV',",12.0,7.0,19.0,1.9647500466769712,Hawkish
"'환율효과/NNG',",12.0,7.0,19.0,1.9647500466769712,Hawkish
"'다중채무자/NNG',",12.0,10.0,22.0,1.3753282994059335,Hawkish
"'달려/VV',",12.0,8.0,20.0,1.719158095082265,Hawkish
"'산유량/NNG',",12.0,10.0,22.0,1.3753282994059335,Hawkish
"'통화정책/NNG;긴축/NNG',",12.0,7.0,19.0,1.9647500466769712,Hawkish
"'유류/NNG',",12.0,6.0,18.0,2.2922049568514193,Hawkish
"'지정학/NNG;위험/NNG;증대/NNG',",12.0,8.0,20.0,1.719158095082265,Hawkish
"'농협중앙회/NNG',",12.0,8.0,20.0,1.719158095082265,Hawkish
"'내전/NNG',",12.0,7.0,19.0,1.9647500466769712,Hawkish
"'나선다/VV',",12.0,10.0,22.0,1.3753282994059335,Hawkish
"'크로스/NNG',",12.0,5.0,17.0,2.75063980578742,Hawkish
"'등기/NNG',",12.0,7.0,19.0,1.9647500466769712,Hawkish
"'퍼시픽/NNG',",12.0,7.0,19.0,1.9647500466769712,Hawkish
"'순이익/NNG;감소/NNG',",12.0,7.0,19.0,1.9647500466769712,Hawkish
"'였/VV',",12.0,6.0,18.0,2.2922049568514193,Hawkish
"'페이스/NNG',",12.0,10.0,22.0,1.3753282994059335,Hawkish
"'보수성/NNG',",12.0,9.0,21.0,1.528141691231428,Hawkish
"'외환보유액/NNG;감소/NNG',",12.0,9.0,21.0,1.528141691231428,Hawkish
"'신용위험/NNG;우려/NNG',",12.0,10.0,22.0,1.3753282994059335,Hawkish
"'세계/NNG;경기/NNG;불확실성/NNG',",12.0,3.0,15.0,4.584354732236822,Hawkish
"'호/NNG',",12.0,10.0,22.0,1.3753282994059335,Hawkish
"'향한/VV',",12.0,5.0,17.0,2.75063980578742,Hawkish
"'금리/NNG;하락/NNG;되돌/VV',",12.0,4.0,16.0,3.4382875379847637,Hawkish
"'요국/NNG',",12.0,7.0,19.0,1.9647500466769712,Hawkish
"'동화/NNG',",12.0,8.0,20.0,1.719158095082265,Hawkish
"'과징금/NNG',",12.0,9.0,21.0,1.528141691231428,Hawkish
"'투자/NNG;부담/NNG',",12.0,6.0,18.0,2.2922049568514193,Hawkish
"'직임/NNG',",12.0,10.0,22.0,1.3753282994059335,Hawkish
"'임차인/NNG',",12.0,8.0,20.0,1.719158095082265,Hawkish
"'고용자수/NNG;감소/NNG',",12.0,8.0,20.0,1.719158095082265,Hawkish
"'어긋나/VV',",12.0,7.0,19.0,1.9647500466769712,Hawkish
"'금리/NNG;하향/NNG;안정/NNG',",12.0,10.0,22.0,1.3753282994059335,Hawkish
"'대내외/NNG;위험/NNG',",12.0,8.0,20.0,1.719158095082265,Hawkish
"'유통물/NNG',",12.0,4.0,16.0,3.4382875379847637,Hawkish
"'유입자금/NNG',",12.0,7.0,19.0,1.9647500466769712,Hawkish
"'발행재개/NNG',",12.0,10.0,22.0,1.3753282994059335,Hawkish
"'이해관계자/NNG',",12.0,5.0,17.0,2.75063980578742,Hawkish
"'숨/NNG',",12.0,6.0,18.0,2.2922049568514193,Hawkish
"'변동성/NNG;크/VV',",12.0,10.0,22.0,1.3753282994059335,Hawkish
"'과반수/NNG',",12.0,8.0,20.0,1.719158095082265,Hawkish
"'용지/NNG',",12.0,9.0,21.0,1.528141691231428,Hawkish
"'시장지배력/NNG',",12.0,7.0,19.0,1.9647500466769712,Hawkish
"'푸르/VA',",12.0,9.0,21.0,1.528141691231428,Hawkish
"'유가/NNG;원자재/NNG;가격/NNG;상승/NNG',",12.0,5.0,17.0,2.75063980578742,Hawkish
"'경제/NNG;성장률/NNG;상향/NNG',",12.0,6.0,18.0,2.2922049568514193,Hawkish
"'하방/NNG;위험/NNG;높/VA',",12.0,10.0,22.0,1.3753282994059335,Hawkish
"'애/NNG',",12.0,9.0,21.0,1.528141691231428,Hawkish
"'까지/VV',",12.0,6.0,18.0,2.2922049568514193,Hawkish
"'나갔/VV',",12.0,7.0,19.0,1.9647500466769712,Hawkish
"'발행조건/NNG',",12.0,8.0,20.0,1.719158095082265,Hawkish
"'여겨졌/VV',",12.0,6.0,18.0,2.2922049568514193,Hawkish
"'다가선/VV',",12.0,3.0,15.0,4.584354732236822,Hawkish
"'대답/NNG',",12.0,8.0,20.0,1.719158095082265,Hawkish
"'설비/NNG;투자/NNG;증가/NNG',",12.0,10.0,22.0,1.3753282994059335,Hawkish
"'하락/NNG;위험/NNG',",12.0,7.0,19.0,1.9647500466769712,Hawkish
"'막/NNG',",12.0,8.0,20.0,1.719158095082265,Hawkish
"'반정부/NNG',",12.0,3.0,15.0,4.584354732236822,Hawkish
"'낮/MAG',",12.0,10.0,22.0,1.3753282994059335,Hawkish
"'행순/NNG',",12.0,3.0,15.0,4.584354732236822,Hawkish
"'과도/NNG;스프레드/NNG;축소/NNG',",12.0,3.0,15.0,4.584354732236822,Hawkish
"'재정/NNG;부담/NNG',",12.0,5.0,17.0,2.75063980578742,Hawkish
"'맴돌/VV',",12.0,10.0,22.0,1.3753282994059335,Hawkish
"'금리/NNG;상승/NNG;부담/NNG',",12.0,6.0,18.0,2.2922049568514193,Hawkish
"'환영/NNG',",12.0,5.0,17.0,2.75063980578742,Hawkish
"'신주/NNG',",12.0,7.0,19.0,1.9647500466769712,Hawkish
"'받쳐/VV',",12.0,10.0,22.0,1.3753282994059335,Hawkish
"'인구증가율/NNG',",12.0,10.0,22.0,1.3753282994059335,Hawkish
"'소축/NNG',",12.0,6.0,18.0,2.2922049568514193,Hawkish
"'의제/NNG',",12.0,5.0,17.0,2.75063980578742,Hawkish
"'취합/NNG',",12.0,5.0,17.0,2.75063980578742,Hawkish
"'고용/NNG;둔화/NNG',",12.0,9.0,21.0,1.528141691231428,Hawkish
"'정부규제/NNG',",12.0,7.0,19.0,1.9647500466769712,Hawkish
"'자사/NNG',",12.0,10.0,22.0,1.3753282994059335,Hawkish
"'금리/NNG;인상/NNG;가능성/NNG;낮/VA',",12.0,10.0,22.0,1.3753282994059335,Hawkish
"'단시일/NNG',",12.0,9.0,21.0,1.528141691231428,Hawkish
"'총평/NNG',",12.0,7.0,19.0,1.9647500466769712,Hawkish
"'세계/NNG;경제/NNG;신흥국/NNG;경제/NNG;호조/NNG',",11.0,4.0,15.0,3.1517629795990425,Hawkish
"'사업영역/NNG',",11.0,8.0,19.0,1.5758953760428698,Hawkish
"'침해/NNG',",11.0,6.0,17.0,2.1011882412565286,Hawkish
"'프리/NNG',",11.0,9.0,20.0,1.4007969882535916,Hawkish
"'금리/NNG;스프레드/NNG;축소/NNG',",11.0,7.0,18.0,1.8010213206653096,Hawkish
"'수출/NNG;늘/VV',",11.0,8.0,19.0,1.5758953760428698,Hawkish
"'회전신용/NNG',",11.0,8.0,19.0,1.5758953760428698,Hawkish
"'폐업/NNG',",11.0,8.0,19.0,1.5758953760428698,Hawkish
"'관사/NNG',",11.0,8.0,19.0,1.5758953760428698,Hawkish
"'폭탄/NNG',",11.0,7.0,18.0,1.8010213206653096,Hawkish
"'순현금/NNG',",11.0,4.0,15.0,3.1517629795990425,Hawkish
"'직무/NNG',",11.0,7.0,18.0,1.8010213206653096,Hawkish
"'재정환율/NNG',",11.0,5.0,16.0,2.521419934346629,Hawkish
"'수출/NNG;성장/NNG',",11.0,7.0,18.0,1.8010213206653096,Hawkish
"'성장/NNG;전망/NNG;하향/NNG',",11.0,9.0,20.0,1.4007969882535916,Hawkish
"'정통/NNG',",11.0,8.0,19.0,1.5758953760428698,Hawkish
"'정책/NNG;강화/NNG',",11.0,7.0,18.0,1.8010213206653096,Hawkish
"'내수/NNG;부양/NNG',",11.0,8.0,19.0,1.5758953760428698,Hawkish
"'일반공모/NNG',",11.0,9.0,20.0,1.4007969882535916,Hawkish
"'포진/NNG',",11.0,9.0,20.0,1.4007969882535916,Hawkish
"'레이/NNG',",11.0,5.0,16.0,2.521419934346629,Hawkish
"'주택사업/NNG',",11.0,6.0,17.0,2.1011882412565286,Hawkish
"'글로벌/NNG;경제/NNG;회복/NNG',",11.0,9.0,20.0,1.4007969882535916,Hawkish
"'신용공여액/NNG',",11.0,8.0,19.0,1.5758953760428698,Hawkish
"'통방문구/NNG',",11.0,5.0,16.0,2.521419934346629,Hawkish
"'외화대출/NNG;감소/NNG',",11.0,4.0,15.0,3.1517629795990425,Hawkish
"'개인자금/NNG',",11.0,7.0,18.0,1.8010213206653096,Hawkish
"'경제/NNG;위험/NNG',",11.0,9.0,20.0,1.4007969882535916,Hawkish
"'귀금속/NNG',",11.0,6.0,17.0,2.1011882412565286,Hawkish
"'완만/NNG;금리/NNG;인상/NNG',",11.0,9.0,20.0,1.4007969882535916,Hawkish
"'감행/NNG',",11.0,6.0,17.0,2.1011882412565286,Hawkish
"'내수/NNG;확대/NNG',",11.0,7.0,18.0,1.8010213206653096,Hawkish
"'한숨/NNG',",11.0,6.0,17.0,2.1011882412565286,Hawkish
"'금리/NNG;인하/NNG;지지/NNG',",11.0,8.0,19.0,1.5758953760428698,Hawkish
"'돋보이/VV',",11.0,7.0,18.0,1.8010213206653096,Hawkish
"'유동성/NNG;악화/NNG',",11.0,9.0,20.0,1.4007969882535916,Hawkish
"'어닝쇼크/NNG',",11.0,6.0,17.0,2.1011882412565286,Hawkish
"'경기선/NNG',",11.0,9.0,20.0,1.4007969882535916,Hawkish
"'합쳐/VV',",11.0,9.0,20.0,1.4007969882535916,Hawkish
"'투자/NNG;활성화/NNG',",11.0,9.0,20.0,1.4007969882535916,Hawkish
"'구조조정/NNG;지연/NNG',",11.0,7.0,18.0,1.8010213206653096,Hawkish
'하/VV'],11.0,8.0,19.0,1.5758953760428698,Hawkish
"'실물/NNG;경제/NNG;성장/NNG',",11.0,7.0,18.0,1.8010213206653096,Hawkish
"'지루/NNG',",11.0,6.0,17.0,2.1011882412565286,Hawkish
"'대외/NNG;위험/NNG',",11.0,9.0,20.0,1.4007969882535916,Hawkish
"'아테네/NNG',",11.0,9.0,20.0,1.4007969882535916,Hawkish
"'문재/NNG',",11.0,4.0,15.0,3.1517629795990425,Hawkish
"'불/VV',",11.0,9.0,20.0,1.4007969882535916,Hawkish
"'fed/NNG;자산/NNG;축소/NNG',",11.0,7.0,18.0,1.8010213206653096,Hawkish
"'통화정책당국/NNG',",11.0,4.0,15.0,3.1517629795990425,Hawkish
"'여력/NNG;확보/NNG',",11.0,5.0,16.0,2.521419934346629,Hawkish
"'전망/NNG;개선/NNG',",11.0,9.0,20.0,1.4007969882535916,Hawkish
"'헤/XSV',",11.0,9.0,20.0,1.4007969882535916,Hawkish
"'고환/NNG',",11.0,8.0,19.0,1.5758953760428698,Hawkish
"'입찰금액/NNG',",11.0,6.0,17.0,2.1011882412565286,Hawkish
"'상호기금/NNG',",11.0,6.0,17.0,2.1011882412565286,Hawkish
"'아마/MAG',",11.0,9.0,20.0,1.4007969882535916,Hawkish
"'총자산회전율/NNG',",11.0,6.0,17.0,2.1011882412565286,Hawkish
"'車/NNG',",11.0,4.0,15.0,3.1517629795990425,Hawkish
"'수출경합도/NNG',",11.0,5.0,16.0,2.521419934346629,Hawkish
"'추진력/NNG',",11.0,9.0,20.0,1.4007969882535916,Hawkish
"'무역협회/NNG',",11.0,8.0,19.0,1.5758953760428698,Hawkish
"'중기채/NNG',",11.0,4.0,15.0,3.1517629795990425,Hawkish
"'최/NNG',",11.0,8.0,19.0,1.5758953760428698,Hawkish
"'속속/MAG',",11.0,9.0,20.0,1.4007969882535916,Hawkish
"'춤/NNG',",11.0,4.0,15.0,3.1517629795990425,Hawkish
"'gdp/NNG;예상/NNG;상회/NNG',",11.0,4.0,15.0,3.1517629795990425,Hawkish
"'직/MAG',",11.0,9.0,20.0,1.4007969882535916,Hawkish
"'수직/NNG',",11.0,8.0,19.0,1.5758953760428698,Hawkish
"'인플레이/NNG',",11.0,4.0,15.0,3.1517629795990425,Hawkish
"'불확실성/NNG;감소/NNG',",11.0,7.0,18.0,1.8010213206653096,Hawkish
"'금값/NNG',",11.0,7.0,18.0,1.8010213206653096,Hawkish
"'목차/NNG',",11.0,8.0,19.0,1.5758953760428698,Hawkish
"'국고채/NNG;수급/NNG;호조/NNG',",11.0,9.0,20.0,1.4007969882535916,Hawkish
"'나타낸다면/VV',",11.0,7.0,18.0,1.8010213206653096,Hawkish
"'숏플레이/NNG',",11.0,4.0,15.0,3.1517629795990425,Hawkish
"'높/VA;물가/NNG;상승/NNG',",11.0,7.0,18.0,1.8010213206653096,Hawkish
"'장려/NNG',",11.0,8.0,19.0,1.5758953760428698,Hawkish
"'재정/NNG;우려/NNG',",11.0,4.0,15.0,3.1517629795990425,Hawkish
"'재벌/NNG',",11.0,9.0,20.0,1.4007969882535916,Hawkish
"'신종플루/NNG',",11.0,8.0,19.0,1.5758953760428698,Hawkish
"'트레이더/NNG',",11.0,5.0,16.0,2.521419934346629,Hawkish
"'채권/NNG;금리/NNG;하락/NNG;압력/NNG',",11.0,7.0,18.0,1.8010213206653096,Hawkish
"'법칙/NNG',",11.0,5.0,16.0,2.521419934346629,Hawkish
"'의료보험/NNG',",11.0,5.0,16.0,2.521419934346629,Hawkish
"'일축/NNG',",11.0,6.0,17.0,2.1011882412565286,Hawkish
"'구성비중/NNG',",11.0,7.0,18.0,1.8010213206653096,Hawkish
"'역외세력/NNG',",11.0,6.0,17.0,2.1011882412565286,Hawkish
"'전망/NNG;긍정적/VAX',",11.0,9.0,20.0,1.4007969882535916,Hawkish
"'리시브/NNG',",11.0,7.0,18.0,1.8010213206653096,Hawkish
"'정규직/NNG',",11.0,4.0,15.0,3.1517629795990425,Hawkish
"'관해서/VV',",11.0,7.0,18.0,1.8010213206653096,Hawkish
"'水/NNG',",11.0,4.0,15.0,3.1517629795990425,Hawkish
"'연례/NNG',",11.0,4.0,15.0,3.1517629795990425,Hawkish
"'환차손/NNG',",11.0,7.0,18.0,1.8010213206653096,Hawkish
"'유조선/NNG',",11.0,4.0,15.0,3.1517629795990425,Hawkish
"'텍/NNG',",11.0,8.0,19.0,1.5758953760428698,Hawkish
"'디플레이션/NNG;위험/NNG',",11.0,9.0,20.0,1.4007969882535916,Hawkish
"'방점/NNG',",11.0,8.0,19.0,1.5758953760428698,Hawkish
"'보험부채/NNG',",11.0,5.0,16.0,2.521419934346629,Hawkish
"'인플레이션/NNG;위험/NNG',",11.0,9.0,20.0,1.4007969882535916,Hawkish
"'장성/NNG',",11.0,5.0,16.0,2.521419934346629,Hawkish
"'끊임없이/MAG',",11.0,9.0,20.0,1.4007969882535916,Hawkish
"'뇌관/NNG',",11.0,6.0,17.0,2.1011882412565286,Hawkish
"'opec/NNG;감산/NNG',",11.0,9.0,20.0,1.4007969882535916,Hawkish
"'접어드/VV',",11.0,9.0,20.0,1.4007969882535916,Hawkish
"'그저/MAG',",11.0,8.0,19.0,1.5758953760428698,Hawkish
"'원년/NNG',",10.0,6.0,16.0,1.9101716817196326,Hawkish
"'반대표/NNG',",10.0,8.0,18.0,1.432632740782281,Hawkish
"'만기월/NNG',",10.0,7.0,17.0,1.6372927072972314,Hawkish
"'조용/NNG',",10.0,8.0,18.0,1.432632740782281,Hawkish
"'금리/NNG;인상/NNG;부담/NNG',",10.0,7.0,17.0,1.6372927072972314,Hawkish
"'보수화/NNG',",10.0,6.0,16.0,1.9101716817196326,Hawkish
"'우려/NNG;증가/NNG',",10.0,7.0,17.0,1.6372927072972314,Hawkish
"'새/NNG',",10.0,5.0,15.0,2.292200287628899,Hawkish
"'택할/VV',",10.0,7.0,17.0,1.6372927072972314,Hawkish
"'경기/NNG;회복/NNG;속도/NNG;둔화/NNG',",10.0,6.0,16.0,1.9101716817196326,Hawkish
"'진로/NNG',",10.0,5.0,15.0,2.292200287628899,Hawkish
"'경기/NNG;양호/NNG',",10.0,8.0,18.0,1.432632740782281,Hawkish
"'광공업/NNG;생산/NNG;증가/NNG',",10.0,7.0,17.0,1.6372927072972314,Hawkish
"'세계/NNG;경제/NNG;둔화/NNG',",10.0,6.0,16.0,1.9101716817196326,Hawkish
"'적기시정조치/NNG',",10.0,5.0,15.0,2.292200287628899,Hawkish
"'무담보/NNG',",10.0,7.0,17.0,1.6372927072972314,Hawkish
"'자금사정/NNG;악화/NNG',",10.0,8.0,18.0,1.432632740782281,Hawkish
"'전략팀/NNG',",10.0,5.0,15.0,2.292200287628899,Hawkish
"'부동산업/NNG',",10.0,8.0,18.0,1.432632740782281,Hawkish
"'오직/MAG',",10.0,7.0,17.0,1.6372927072972314,Hawkish
"'제조업/NNG;부진/NNG',",10.0,8.0,18.0,1.432632740782281,Hawkish
"'차분/NNG',",10.0,5.0,15.0,2.292200287628899,Hawkish
"'마/NNG',",10.0,8.0,18.0,1.432632740782281,Hawkish
"'경기/NNG;과열/NNG',",10.0,8.0,18.0,1.432632740782281,Hawkish
"'佛/NNG',",10.0,7.0,17.0,1.6372927072972314,Hawkish
"'알려졌으며/VV',",10.0,6.0,16.0,1.9101716817196326,Hawkish
"'재무/NNG;부담/NNG;확대/NNG',",10.0,6.0,16.0,1.9101716817196326,Hawkish
"'해약/NNG',",10.0,7.0,17.0,1.6372927072972314,Hawkish
"'스왑베이시스/NNG;확대/NNG',",10.0,6.0,16.0,1.9101716817196326,Hawkish
"'보유금액/NNG',",10.0,8.0,18.0,1.432632740782281,Hawkish
"'통화정책/NNG;불확실성/NNG',",10.0,7.0,17.0,1.6372927072972314,Hawkish
"'충분히/MAG;완화/NNG',",10.0,8.0,18.0,1.432632740782281,Hawkish
"'회복/NNG;전환/NNG',",10.0,7.0,17.0,1.6372927072972314,Hawkish
"'소급/NNG',",10.0,5.0,15.0,2.292200287628899,Hawkish
"'아동/NNG',",10.0,6.0,16.0,1.9101716817196326,Hawkish
"'gdp/NNG;호조/NNG',",10.0,7.0,17.0,1.6372927072972314,Hawkish
"'선뜻/MAG',",10.0,7.0,17.0,1.6372927072972314,Hawkish
"'코픽스/NNG',",10.0,5.0,15.0,2.292200287628899,Hawkish
"'숨/VV',",10.0,8.0,18.0,1.432632740782281,Hawkish
"'어울리/VV',",10.0,6.0,16.0,1.9101716817196326,Hawkish
"'지급여력/NNG',",10.0,7.0,17.0,1.6372927072972314,Hawkish
"'순식간/NNG',",10.0,5.0,15.0,2.292200287628899,Hawkish
"'에르/NNG',",10.0,5.0,15.0,2.292200287628899,Hawkish
"'물가/NNG;상승/NNG;둔화/NNG',",10.0,7.0,17.0,1.6372927072972314,Hawkish
"'전망/NNG;인상/NNG',",10.0,6.0,16.0,1.9101716817196326,Hawkish
"'재고/NNG;감소/NNG',",10.0,7.0,17.0,1.6372927072972314,Hawkish
"'일부구간/NNG',",10.0,5.0,15.0,2.292200287628899,Hawkish
"'어렵/VA;금리/NNG;인상/NNG',",10.0,8.0,18.0,1.432632740782281,Hawkish
"'무색/NNG',",10.0,7.0,17.0,1.6372927072972314,Hawkish
"'전인대/NNG',",10.0,6.0,16.0,1.9101716817196326,Hawkish
"'기은/NNG',",10.0,7.0,17.0,1.6372927072972314,Hawkish
"'전망/NNG;확대/NNG',",10.0,5.0,15.0,2.292200287628899,Hawkish
"'중화/NNG',",10.0,6.0,16.0,1.9101716817196326,Hawkish
"'듯/VV',",10.0,7.0,17.0,1.6372927072972314,Hawkish
"'모기지/NNG;금리/NNG;상승/NNG',",10.0,8.0,18.0,1.432632740782281,Hawkish
"'득표/NNG',",10.0,7.0,17.0,1.6372927072972314,Hawkish
"'사회적비용/NNG',",10.0,8.0,18.0,1.432632740782281,Hawkish
"'개개/NNG',",10.0,8.0,18.0,1.432632740782281,Hawkish
"'제한적/VAX;강세/NNG',",10.0,7.0,17.0,1.6372927072972314,Hawkish
"'환급/NNG',",10.0,6.0,16.0,1.9101716817196326,Hawkish
"'필요지준/NNG',",10.0,8.0,18.0,1.432632740782281,Hawkish
"'ira/NNG',",10.0,6.0,16.0,1.9101716817196326,Hawkish
"'연달/VV',",10.0,8.0,18.0,1.432632740782281,Hawkish
"'증권대차거래/NNG',",10.0,5.0,15.0,2.292200287628899,Hawkish
"'메디케이드/NNG',",10.0,5.0,15.0,2.292200287628899,Hawkish
"'대외/NNG;불확실성/NNG;확대/NNG',",10.0,5.0,15.0,2.292200287628899,Hawkish
"'공휴일/NNG',",10.0,7.0,17.0,1.6372927072972314,Hawkish
"'화재/NNG',",10.0,5.0,15.0,2.292200287628899,Hawkish
"'재건/NNG',",10.0,6.0,16.0,1.9101716817196326,Hawkish
"'정/MAG',",10.0,5.0,15.0,2.292200287628899,Hawkish
"'납품/NNG',",10.0,8.0,18.0,1.432632740782281,Hawkish
"'부정적/VAX;안정/NNG;부정적/VAX',",10.0,6.0,16.0,1.9101716817196326,Hawkish
"'소비/NNG;완만/NNG;증가/NNG',",10.0,5.0,15.0,2.292200287628899,Hawkish
"'경쟁강도/NNG',",10.0,8.0,18.0,1.432632740782281,Hawkish
"'자본시장법/NNG',",10.0,8.0,18.0,1.432632740782281,Hawkish
"'금리/NNG;상승/NNG;금리/NNG;상승/NNG',",10.0,7.0,17.0,1.6372927072972314,Hawkish
"'이기/VV',",10.0,7.0,17.0,1.6372927072972314,Hawkish
"'땐/NNG',",10.0,5.0,15.0,2.292200287628899,Hawkish
"'채권/NNG;금리/NNG;소폭/MAG;상승/NNG',",10.0,6.0,16.0,1.9101716817196326,Hawkish
"'대상국/NNG',",10.0,5.0,15.0,2.292200287628899,Hawkish
"'개선/NNG;지연/NNG',",10.0,8.0,18.0,1.432632740782281,Hawkish
"'시험대/NNG',",10.0,7.0,17.0,1.6372927072972314,Hawkish
"'보복/NNG',",9.0,7.0,16.0,1.4735642276932193,Hawkish
"'위험자산/NNG;상승/NNG',",9.0,6.0,15.0,1.719155309451984,Hawkish
"'지날수록/VV',",9.0,6.0,15.0,1.719155309451984,Hawkish
"'행정명령/NNG',",9.0,7.0,16.0,1.4735642276932193,Hawkish
"'가져볼/VV',",9.0,7.0,16.0,1.4735642276932193,Hawkish
"'보완대책/NNG',",9.0,7.0,16.0,1.4735642276932193,Hawkish
"'수요변화/NNG',",9.0,6.0,15.0,1.719155309451984,Hawkish
"'고등급/NNG',",9.0,7.0,16.0,1.4735642276932193,Hawkish
"'신용보증기금/NNG',",9.0,7.0,16.0,1.4735642276932193,Hawkish
"'금리/NNG;상승/NNG;모멘텀/NNG',",9.0,6.0,15.0,1.719155309451984,Hawkish
"['증권/NNG',",9.0,6.0,15.0,1.719155309451984,Hawkish
"'안정성/NNG;확보/NNG',",9.0,7.0,16.0,1.4735642276932193,Hawkish
"'발전사/NNG',",9.0,7.0,16.0,1.4735642276932193,Hawkish
"'선취매/NNG',",9.0,7.0,16.0,1.4735642276932193,Hawkish
"'회복/NNG;쉽/VA;않/VX',",9.0,6.0,15.0,1.719155309451984,Hawkish
"'정치/NNG;불확실성/NNG;확대/NNG',",9.0,6.0,15.0,1.719155309451984,Hawkish
"'합치/VV',",9.0,7.0,16.0,1.4735642276932193,Hawkish
"'장기물/NNG;비중/NNG;축소/NNG',",9.0,7.0,16.0,1.4735642276932193,Hawkish
"['미/NNG',",9.0,6.0,15.0,1.719155309451984,Hawkish
"'크레딧/NNG;스프레드/NNG;축소/NNG',",9.0,6.0,15.0,1.719155309451984,Hawkish
"'인플레이션/NNG;확대/NNG',",9.0,6.0,15.0,1.719155309451984,Hawkish
"'사용자/NNG',",9.0,7.0,16.0,1.4735642276932193,Hawkish
"'경상/NNG;수지/NNG;악화/NNG',",9.0,6.0,15.0,1.719155309451984,Hawkish
"'성립/NNG',",9.0,7.0,16.0,1.4735642276932193,Hawkish
"'중앙값/NNG',",9.0,7.0,16.0,1.4735642276932193,Hawkish
"'fed/NNG;대차대조표/NNG;축소/NNG',",9.0,7.0,16.0,1.4735642276932193,Hawkish
"'은은/NNG',",9.0,6.0,15.0,1.719155309451984,Hawkish
"'인플레이션/NNG;상승/NNG',",9.0,7.0,16.0,1.4735642276932193,Hawkish
"'상향/NNG;하향/NNG',",9.0,7.0,16.0,1.4735642276932193,Hawkish
"'미온/NNG',",9.0,7.0,16.0,1.4735642276932193,Hawkish
"'유진/NNG',",9.0,7.0,16.0,1.4735642276932193,Hawkish
"'주택/NNG;지표/NNG;부진/NNG',",9.0,6.0,15.0,1.719155309451984,Hawkish
"'변동계수/NNG',",9.0,7.0,16.0,1.4735642276932193,Hawkish
"'실적시즌/NNG',",9.0,6.0,15.0,1.719155309451984,Hawkish
"'역학/NNG',",9.0,6.0,15.0,1.719155309451984,Hawkish
"'선상/NNG',",9.0,6.0,15.0,1.719155309451984,Hawkish
"'만유/NNG',",9.0,6.0,15.0,1.719155309451984,Hawkish
"'속단/NNG',",9.0,7.0,16.0,1.4735642276932193,Hawkish
"'넓힌/VV',",9.0,7.0,16.0,1.4735642276932193,Hawkish
"'공급/NNG;감소/NNG',",9.0,6.0,15.0,1.719155309451984,Hawkish
"'적자/NNG;확대/NNG',",9.0,6.0,15.0,1.719155309451984,Hawkish
"'동자료/NNG',",9.0,6.0,15.0,1.719155309451984,Hawkish
"'사랑/NNG',",9.0,7.0,16.0,1.4735642276932193,Hawkish
"'줄/NNG',",9.0,7.0,16.0,1.4735642276932193,Hawkish
"'금리/NNG;상승/NNG;제약/NNG',",9.0,6.0,15.0,1.719155309451984,Hawkish
"'물가/NNG;상승/NNG;압력/NNG;완화/NNG',",9.0,7.0,16.0,1.4735642276932193,Hawkish
"'금리/NNG;추세/NNG;상승/NNG',",9.0,7.0,16.0,1.4735642276932193,Hawkish
"'단기/NNG;금리/NNG;인상/NNG',",9.0,7.0,16.0,1.4735642276932193,Hawkish
"'평상시/NNG',",9.0,6.0,15.0,1.719155309451984,Hawkish
"'생/NNG',",9.0,6.0,15.0,1.719155309451984,Hawkish
"'러시/NNG',",9.0,7.0,16.0,1.4735642276932193,Hawkish
"'재할인율/NNG',",9.0,7.0,16.0,1.4735642276932193,Hawkish
"'신규물/NNG',",9.0,7.0,16.0,1.4735642276932193,Hawkish
"'일선/NNG',",9.0,7.0,16.0,1.4735642276932193,Hawkish
"'적자/NNG;전환/NNG',",8.0,7.0,15.0,1.309835908605832,Hawkish
"'인상/NNG;인하/NNG;인상/NNG',",8.0,7.0,15.0,1.309835908605832,Hawkish
"'반박/NNG',",8.0,7.0,15.0,1.309835908605832,Hawkish
"'내수/NNG;경기/NNG;회복/NNG',",8.0,7.0,15.0,1.309835908605832,Hawkish
"'경기/NNG;지표/NNG;호전/NNG',",8.0,7.0,15.0,1.309835908605832,Hawkish
"'기차/NNG',",8.0,7.0,15.0,1.309835908605832,Hawkish
"'발의/NNG',",8.0,7.0,15.0,1.309835908605832,Hawkish
"'신용위험/NNG;상승/NNG',",8.0,7.0,15.0,1.309835908605832,Hawkish
"'리의/NNG',",8.0,7.0,15.0,1.309835908605832,Hawkish
"'심리/NNG;불안/NNG',",8.0,7.0,15.0,1.309835908605832,Hawkish
"'국고채/NNG;금리/NNG;인하/NNG',",8.0,7.0,15.0,1.309835908605832,Hawkish
"'플러스/NNG;성장/NNG',",8.0,7.0,15.0,1.309835908605832,Hawkish
"'생필품/NNG',",8.0,7.0,15.0,1.309835908605832,Hawkish
"'성장동력/NNG;약화/NNG',",8.0,7.0,15.0,1.309835908605832,Hawkish
"'투자/NNG;수요/NNG;많/VA',",8.0,7.0,15.0,1.309835908605832,Hawkish
"'촉/NNG',",8.0,7.0,15.0,1.309835908605832,Hawkish
"'유류세/NNG',",8.0,7.0,15.0,1.309835908605832,Hawkish
"'참여금액/NNG',",8.0,7.0,15.0,1.309835908605832,Hawkish
"'몬/VV',",8.0,7.0,15.0,1.309835908605832,Hawkish
"'저하/NNG;추세/NNG',",8.0,7.0,15.0,1.309835908605832,Hawkish
"'재정/NNG;지출/NNG;축소/NNG',",8.0,7.0,15.0,1.309835908605832,Hawkish
"'국무원/NNG',",8.0,7.0,15.0,1.309835908605832,Hawkish
"'인플레이션/NNG;방어/NNG',",8.0,7.0,15.0,1.309835908605832,Hawkish
"'icbm/NNG',",8.0,7.0,15.0,1.309835908605832,Hawkish
"'집단/NNG;대출/NNG;증가/NNG',",8.0,7.0,15.0,1.309835908605832,Hawkish
"'입각/NNG',",8.0,7.0,15.0,1.309835908605832,Hawkish
"'꽃/NNG',",8.0,7.0,15.0,1.309835908605832,Hawkish
"'출석/NNG',",8.0,7.0,15.0,1.309835908605832,Hawkish
"'위험/NNG;없/VA;않/VX',",8.0,7.0,15.0,1.309835908605832,Hawkish
"'자산/NNG;건전성/NNG;악화/NNG',",8.0,7.0,15.0,1.309835908605832,Hawkish
"'세일/NNG',",8.0,7.0,15.0,1.309835908605832,Hawkish
"'치부/NNG',",8.0,7.0,15.0,1.309835908605832,Hawkish
"'대출/NNG;늘/VV',",8.0,7.0,15.0,1.309835908605832,Hawkish
